date,open,high,low,close,volume,return_1d,return_5d,ma_5,ma_20,ma_50,close_vs_ma20,volatility_20,target_return,target_direction
2024-05-16 00:00:00-04:00,189.00821119957226,189.6333810173086,188.2044300863017,188.38304138183594,52845200,0.0006323517885984398,0.029947801306260402,185.82681579589843,175.62665023803712,172.15226959228517,0.07263357313089634,0.016760191847912758,0.00015810954123862686,1
2024-05-17 00:00:00-04:00,188.05558877384672,189.34561487480414,187.72811956148706,188.41282653808594,41282900,0.00015810954123862686,0.03725763898531764,187.18034973144532,176.8716957092285,172.57100952148437,0.06525142862784947,0.016249212924473535,0.006162057878542626,1
2024-05-20 00:00:00-04:00,187.8769693298537,190.44708847543168,187.55941793463836,189.57383728027344,44361300,0.006162057878542626,0.02555299486485163,188.1250457763672,178.13317184448243,172.9786819458008,0.06422535071558247,0.01624353655291764,0.0068571804804460346,1
2024-05-21 00:00:00-04:00,189.62343971650407,191.25085261805762,189.4547462309282,190.873779296875,42309400,0.0068571804804460346,0.026249839918990103,189.10149536132812,179.40712127685546,173.37231689453125,0.0639141743003866,0.01624251772081675,-0.007538269727392133,0
2024-05-22 00:00:00-04:00,190.79441741971692,191.3401994424317,188.8097665310703,189.43492126464844,34648500,-0.007538269727392133,0.00621961183715225,189.33568115234374,180.50408477783202,173.72766204833985,0.04947719880028569,0.016517235011144715,-0.021058080081309383,0
2024-05-23 00:00:00-04:00,189.51431079519944,189.53416154393335,185.19770415918353,185.44578552246094,51005900,-0.021058080081309383,-0.015591933529841673,188.74822998046875,181.3584831237793,174.0448452758789,0.022537144821022776,0.017616321264342323,0.016588067100702375,1
2024-05-24 00:00:00-04:00,187.37088671578107,189.11737394472448,186.59685898409072,188.52197265625,36327000,0.016588067100702375,0.000579292398344311,188.77005920410156,182.39592590332032,174.3864892578125,0.033586532827365984,0.01768011597270863,5.261038143666852e-05,1
2024-05-28 00:00:00-04:00,190.04021443649896,191.5187845976106,187.64872194997955,188.53189086914062,52280100,5.261038143666852e-05,-0.005496256372087616,188.561669921875,183.22575836181642,174.73586364746095,0.028959533609058244,0.017152216282643278,0.0015791186945930402,1
2024-05-29 00:00:00-04:00,188.15483105781396,190.77456966628964,188.05559245514976,188.82960510253906,53068000,0.0015791186945930402,-0.010709560013251185,188.1528350830078,184.22754669189453,175.06939025878907,0.02498029471315219,0.016302999078138397,0.005255052933959448,1
2024-05-30 00:00:00-04:00,189.29598343446253,190.70508365256933,189.16699143181853,189.82191467285156,49889100,0.005255052933959448,0.0020428831475189924,188.23023376464843,185.32998657226562,175.37598907470704,0.02423745980704748,0.01606681756559231,0.005018581339208517,1
2024-05-31 00:00:00-04:00,189.9707702687458,191.09210277636024,188.45251367186646,190.77455139160156,75158300,0.005018581339208517,0.028734898742118986,189.29598693847657,186.29524002075195,175.6503076171875,0.024044153625989866,0.015635341622326424,0.009258713446905986,1
2024-06-03 00:00:00-04:00,191.41954585254337,193.49351725389894,191.04247253185534,192.54087829589844,50080500,0.009258713446905986,0.021317969375254098,190.09976806640626,186.83597717285156,176.10463653564454,0.030534275086478574,0.009110549125516886,0.001649263584908356,1
2024-06-04 00:00:00-04:00,193.14619663099631,193.82098571162214,191.54855228534223,192.85842895507812,47471400,0.001649263584908356,0.022948574196078875,190.96507568359374,187.4753387451172,176.5472799682617,0.028713591056792418,0.008669136687779832,0.007821004069096249,1
2024-06-05 00:00:00-04:00,193.9003813531384,195.38886948576234,193.37445009094603,194.3667755126953,54156800,0.007821004069096249,0.02932363496258672,192.072509765625,188.1559295654297,177.0484326171875,0.03300903650291741,0.00872360496642007,-0.007096549770172267,0
2024-06-06 00:00:00-04:00,194.1881624282746,194.99194358986873,192.679823561343,192.98744201660156,41181800,-0.007096549770172267,0.01667630078015825,192.705615234375,188.75070571899414,177.54459259033203,0.022446201096142846,0.009045562650967138,0.012391970824561893,1
2024-06-07 00:00:00-04:00,193.1561225415401,195.42855606321456,192.65004206608782,195.37893676757812,53103900,0.012391970824561893,0.024135217943850318,193.62649230957032,189.3743812561035,178.01723236083984,0.03170732742014488,0.009154458334877543,-0.019147783636722315,0
2024-06-10 00:00:00-04:00,195.3888517006261,195.7857909182053,190.6753063763642,191.6378631591797,97010200,-0.019147783636722315,-0.0046899917810231395,193.44588928222657,189.87401657104493,178.45132049560547,0.009289562732111784,0.01022356159948133,0.07264909593214641,1
2024-06-11 00:00:00-04:00,192.16378906024917,205.57011360777915,192.14395345618084,205.5601806640625,172373300,0.07264909593214641,0.06586049558634,195.98623962402343,190.90950775146484,179.19259368896485,0.07674145245647275,0.01849712860380233,0.028578433788671642,1
2024-06-12 00:00:00-04:00,205.77850209290926,218.51003809526938,205.3121079690946,211.4347686767578,198134300,0.028578433788671642,0.08781332673262199,199.39983825683595,192.18166961669922,180.07494354248047,0.10018176602616856,0.019206132862212365,0.005491033904519993,1
2024-06-13 00:00:00-04:00,213.09192677850285,215.08649505325084,209.97602614095345,212.59576416015625,97862700,0.005491033904519993,0.10160413516371647,203.32150268554688,193.39825820922852,180.9644595336914,0.09926410986679544,0.019161445663340722,-0.008168351865786572,0
2024-06-14 00:00:00-04:00,212.20877015870124,213.51863167298376,209.67833763090172,210.8592071533203,70122700,-0.008168351865786572,0.0792320331037395,206.4175567626953,194.52206649780274,181.8356948852539,0.08398605335452836,0.019397209547491703,0.019671436207984838,1
2024-06-17 00:00:00-04:00,211.73243423482455,217.26961095957958,211.08742887751163,215.00711059570312,93728300,0.019671436207984838,0.12194483413286816,211.09140625,195.8517807006836,182.77482482910156,0.09780523734065115,0.019586988460778967,-0.010984403478434657,0
2024-06-18 00:00:00-04:00,215.9200623200828,216.95208913019513,211.36529274424583,212.6453857421875,79943300,-0.010984403478434657,0.034467789701469576,212.508447265625,197.0053581237793,183.68911682128908,0.07938884387388845,0.019987568783093414,-0.02151281206389699,0
2024-06-20 00:00:00-04:00,212.28816853161533,212.59580212894483,207.2471687535905,208.07078552246094,86172500,-0.02151281206389699,-0.01591026478450075,211.8356506347656,197.8652084350586,184.48773712158203,0.05157843143885454,0.02090494945896615,-0.010444534580823395,0
2024-06-21 00:00:00-04:00,208.77532033595196,210.26380829361358,205.52049454653314,205.8975830078125,241805100,-0.010444534580823395,-0.03150665385457896,210.4960144042969,198.6883415222168,185.2803518676758,0.03628416962144495,0.021003086180527323,0.0031327202671704857,1
2024-06-24 00:00:00-04:00,206.12582769938734,211.06760381745957,205.00449518251241,206.5426025390625,80727000,0.0031327202671704857,-0.020471501683676174,209.6326934814453,199.74318237304686,185.94197723388672,0.034040812233164575,0.020139882761755202,0.004468166905733373,1
2024-06-25 00:00:00-04:00,207.54484206411715,209.75773850908567,207.0089930344414,207.46546936035156,55549700,0.004468166905733373,-0.035076241034338485,208.124365234375,200.69035720825195,186.59213134765625,0.033759031805744535,0.01997316370409986,0.019993223234552993,1
2024-06-26 00:00:00-04:00,209.87680350658064,213.21101716086312,209.02340313251779,211.61337280273438,66213200,0.019993223234552993,-0.0048532110671065665,207.91796264648437,201.84443130493165,187.40174743652344,0.04839837014400726,0.020210379354025355,0.003985926459303402,1
2024-06-27 00:00:00-04:00,213.0423164247351,214.0842609953053,210.72027890747495,212.45684814453125,49772700,0.003985926459303402,0.02107966580246723,208.79517517089843,203.02579345703126,188.29383636474608,0.046452495157941594,0.02018994976980962,-0.01625409054515603,0
2024-06-28 00:00:00-04:00,214.1140398112984,214.41174043740799,208.68601906723538,209.00355529785156,82542700,-0.01625409054515603,0.015085035213459497,209.41636962890624,203.98487548828126,189.1442108154297,0.024603195690646288,0.02080097232138285,0.029104659421955725,1
2024-07-01 00:00:00-04:00,210.46229254870087,215.84069445328046,210.29359904602236,215.08653259277344,60402900,0.029104659421955725,0.04136642972771232,211.12515563964843,205.20047454833986,190.13527160644531,0.04817755936575423,0.02148653069513639,0.016239886872157383,1
2024-07-02 00:00:00-04:00,214.4911227279333,218.6886699462021,213.44919320249295,218.5795135498047,58046200,0.016239886872157383,0.05357057356927619,213.34796447753905,206.50240631103514,191.23662353515624,0.058484099311554426,0.02159476777048058,0.00581096023009553,1
2024-07-03 00:00:00-04:00,218.3115631866412,219.84967041015625,217.34900644671097,219.84967041015625,37369800,0.00581096023009553,0.03892144195962377,214.99522399902344,207.85196838378906,192.34673065185547,0.0577223401811331,0.02156480121233248,0.021620455983411446,1
2024-07-05 00:00:00-04:00,219.94891212590596,224.71207692855523,219.94891212590596,224.60292053222656,60412400,0.021620455983411446,0.05716959699709245,217.4244384765625,209.36377563476563,193.5308932495117,0.0727878777083461,0.0218189043984295,0.0065388427941917016,1
2024-07-08 00:00:00-04:00,225.34715532852172,226.1013322692385,221.53662969916704,226.07156372070312,59085900,0.0065388427941917016,0.08166372288991885,220.83804016113282,211.0179817199707,194.70241149902344,0.07133791100660387,0.021550964292412777,0.0037748823454055724,1
2024-07-09 00:00:00-04:00,226.180713251394,227.63943274976205,224.63268810415036,226.92495727539062,48076100,0.0037748823454055724,0.055040287924633,223.20572509765626,212.59528274536132,195.87375427246093,0.06740353946231656,0.021548004969627835,0.01880356547048856,1
2024-07-10 00:00:00-04:00,227.54020555015646,231.29119415797783,227.49058625437067,231.19195556640625,62627700,0.01880356547048856,0.057701848685502544,225.72821350097655,214.57298736572267,197.14213104248046,0.0774513530557221,0.020711559830994545,-0.02322083060861191,0
2024-07-11 00:00:00-04:00,229.61416127735984,230.60648662367137,224.03729767642758,225.823486328125,64710600,-0.02322083060861191,0.02717227597759808,226.9229766845703,215.58615264892578,198.2198959350586,0.04748604468984773,0.015890507969835266,0.013050921486357003,1
2024-07-12 00:00:00-04:00,227.1631286162611,230.8545803134063,226.92496506939614,228.77069091796875,53046500,0.013050921486357003,0.018556171824774648,227.75653076171875,216.45294876098632,199.41943298339845,0.05690725040934436,0.015024965509918447,0.01674326386226488,1
2024-07-15 00:00:00-04:00,234.66509753137677,235.409341553401,231.30111515749465,232.60105895996094,62631300,0.01674326386226488,0.028882426130004468,229.06242980957032,217.45321350097657,200.71599182128907,0.06966025111841512,0.015289899537220205,0.001791882741659867,1
2024-07-16 00:00:00-04:00,233.19646408342908,234.4567215545301,230.54695713829173,233.01785278320312,43234300,0.001791882741659867,0.026849825514865255,230.2810089111328,218.5611457824707,201.94695922851562,0.06614490855168227,0.015011191347329172,-0.025296020747220038,0
2024-07-17 00:00:00-04:00,227.68904591405493,229.6836295353235,224.9006141352506,227.12342834472656,57345900,-0.025296020747220038,-0.0175980483910525,229.46730346679686,219.16696166992188,202.85490509033204,0.036303221134157924,0.01604808841507277,-0.0205347603498639,0
2024-07-18 00:00:00-04:00,228.51269423226466,228.67146993188885,220.5641731481692,222.45950317382812,66034600,-0.0205347603498639,-0.014896515898301876,228.7945068359375,219.6576675415039,203.70267120361328,0.012755464736029811,0.01661405334653637,0.0005798709468194385,1
2024-07-19 00:00:00-04:00,223.09459660515446,225.0593965950336,221.56640705838353,222.5885009765625,49151500,0.0005798709468194385,-0.02702352262258556,227.55806884765624,220.383553314209,204.53934204101563,0.010005046334877034,0.015647506221254236,-0.0015602335140352253,0
2024-07-22 00:00:00-04:00,225.26779139889447,226.03188622300922,221.3778775132773,222.2412109375,48201800,-0.0015602335140352253,-0.04453912664363335,225.48609924316406,221.20073471069335,205.36232788085937,0.004703764787072144,0.0153543283266499,0.004688220916181374,1
2024-07-23 00:00:00-04:00,222.64803919770813,225.19832267550643,220.97100689389265,223.2831268310547,39960300,0.004688220916181374,-0.041776738717120954,223.53915405273438,222.03776092529296,206.16988189697267,0.005608802307192906,0.015353970647057366,-0.028754296001737956,0
2024-07-24 00:00:00-04:00,222.280880842846,223.0747441599071,215.46361045876344,216.86277770996094,61777600,-0.028754296001737956,-0.04517653995250581,221.48702392578124,222.50762634277345,206.87423431396485,-0.025369236666596816,0.017010328652651036,-0.004804564265690869,0
2024-07-25 00:00:00-04:00,217.24978234747041,219.15506035064124,212.97286249707204,215.8208465576172,51391200,-0.004804564265690869,-0.0298420904546548,220.15929260253907,222.71800003051757,207.49364410400392,-0.030968100790934337,0.016554687624236505,0.0021609816434984275,1
2024-07-26 00:00:00-04:00,217.02154248476683,217.80548795978973,214.35218497553956,216.2872314453125,41601300,0.0021609816434984275,-0.028309052370650067,218.89903869628907,222.90951919555664,208.09955810546876,-0.029708411619848604,0.016543058428507014,0.0012846923369971286,1
2024-07-29 00:00:00-04:00,215.29491873308154,217.61695646267233,214.0941983741811,216.56509399414062,36311800,0.0012846923369971286,-0.025540343842689217,217.7638153076172,223.2875961303711,208.66558013916017,-0.03010692153408021,0.016036031225631284,0.0025659471239309894,1
2024-07-30 00:00:00-04:00,217.50779485320817,218.63904514115285,214.46134877521007,217.12078857421875,41643800,0.0025659471239309894,-0.027598763705502072,216.53134765625,223.38930892944336,209.2403350830078,-0.028060968473672555,0.014709692254990546,0.014990834358687533,1
2024-07-31 00:00:00-04:00,219.7405227481965,222.10226187087767,218.93674165630796,220.3756103515625,50036300,0.014990834358687533,0.016198412095872694,217.23391418457032,223.47911376953124,209.87959075927733,-0.013887219103478765,0.014642176699755165,-0.01675072854241111,0
2024-08-01 00:00:00-04:00,222.64802807062824,222.7571844619209,215.35444602521784,216.6841583251953,62501000,-0.01675072854241111,0.004000131504199533,217.40657653808594,223.3208381652832,210.4217971801758,-0.029718139581654132,0.015075132212584146,0.006869351344199082,1
2024-08-02 00:00:00-04:00,217.46808032420208,223.86859053089324,216.03914463167754,218.17263793945312,105568600,0.006869351344199082,0.008717141929931005,217.78365783691407,222.99932403564452,210.96777435302735,-0.021644397879071107,0.014269239895923318,-0.04816689026183929,0
2024-08-05 00:00:00-04:00,197.562059997048,211.8614726265992,194.4957781490091,207.6639404296875,119548600,-0.04816689026183929,-0.04110151548565788,216.00342712402343,222.07894287109374,211.3323547363281,-0.0649093617568842,0.017544134988643698,-0.009748216388242747,0
2024-08-06 00:00:00-04:00,203.72440665766518,208.37841518370308,199.52687447574846,205.63958740234375,69660500,-0.009748216388242747,-0.05287932697402842,213.70718688964843,221.0146743774414,211.73623077392577,-0.0695659101297527,0.017485593867325202,0.012498297072983888,1
2024-08-07 00:00:00-04:00,205.31212843272615,212.0004073803907,204.8060479069825,208.20973205566406,63516400,0.012498297072983888,-0.05520519388007761,211.27401123046874,219.8655632019043,212.12998596191406,-0.05301344592803104,0.017090665000409164,0.01663313480979034,1
2024-08-08 00:00:00-04:00,211.47445056104476,212.5560815310077,207.22729938249148,211.67291259765625,47161100,0.01663313480979034,-0.02312695937844378,210.27176208496093,219.15803451538085,212.59280639648438,-0.03415399273075376,0.01718740092593395,0.013735965091612012,1
2024-08-09 00:00:00-04:00,210.47221789303094,215.11629337558463,210.3432107490655,214.5804443359375,42201600,0.013735965091612012,-0.01646491346230372,209.5533233642578,218.4485221862793,213.10782318115236,-0.017707045173065237,0.01722190419194859,0.007130045174682742,1
2024-08-12 00:00:00-04:00,214.65994894888794,218.07748700588166,214.1930149246267,216.11041259765625,38028100,0.007130045174682742,0.040673754675423,211.24261779785155,217.62398986816407,213.63359313964844,-0.006955011124576588,0.01676847698688961,0.01719295302439905,1
2024-08-13 00:00:00-04:00,217.58072790378117,220.44193777769505,217.58072790378117,219.82598876953125,44155300,0.01719295302439905,0.06898672355061253,214.07989807128905,216.96439666748046,214.21462188720704,0.013189224342814491,0.01736882640804278,0.002033732513815334,1
2024-08-14 00:00:00-04:00,219.13056699635618,221.57450454206742,218.2662343099079,220.27305603027344,41960600,0.002033732513815334,0.0579383290853297,216.49256286621093,216.62187805175782,214.76926544189453,0.016855074895266293,0.01655905189749184,0.013530583482816771,1
2024-08-15 00:00:00-04:00,223.13426697458056,223.8793724762866,221.30626328939533,223.25347900390625,46414000,0.013530583482816771,0.05470972295950838,218.80867614746094,216.6615768432617,215.3771664428711,0.03042487854416974,0.016235846705217993,0.005918472518204432,1
2024-08-16 00:00:00-04:00,222.45869413327577,225.34970708383625,222.19045191126241,224.57479858398438,44340200,0.005918472518204432,0.046576258516829894,220.80754699707032,216.76089172363282,215.98132690429688,0.03604850855805749,0.016284408048936137,-0.0007079214775861375,0
2024-08-19 00:00:00-04:00,224.24692851790377,224.51517071380414,221.5844105997713,224.4158172607422,40687800,-0.0007079214775861375,0.038431302607100815,222.4686279296875,216.86962203979493,216.60989440917967,0.03479599931963984,0.01627964779797924,0.002744756605811416,1
2024-08-20 00:00:00-04:00,224.29662301984854,225.68748051768907,223.97870407222223,225.0317840576172,30299000,0.002744756605811416,0.023681436927567967,223.5097869873047,216.95705490112306,217.20295135498046,0.03721809903888187,0.016259843518254623,-0.00048563560797987293,0
2024-08-21 00:00:00-04:00,225.04172779494317,226.4921913011218,223.58131984717622,224.92250061035156,34765500,-0.00048563560797987293,0.02110764096104023,224.4396759033203,217.36004104614258,217.86864410400392,0.03479231751986821,0.014738885088456744,-0.008259748756505925,0
2024-08-22 00:00:00-04:00,226.30341677619586,226.84983046212884,222.43880384726458,223.064697265625,43695300,-0.008259748756505925,-0.0008455937131350844,224.40191955566405,217.72223358154298,218.21873443603516,0.024537979407055457,0.01484188340892107,0.010288213069664875,1
2024-08-23 00:00:00-04:00,224.187342377279,226.73063334528243,222.866020162344,225.35963439941406,38677300,0.010288213069664875,0.0034947635281354916,224.55888671875,218.17585372924805,218.49723175048828,0.032926561520785644,0.014964237167038747,0.001498797935076679,1
2024-08-26 00:00:00-04:00,225.28014571740593,225.79675641202357,222.4288803537143,225.69740295410156,30602200,0.001498797935076679,0.005710763657404527,224.81520385742186,218.6324691772461,218.7592645263672,0.032314202018767405,0.014963650911962043,0.003741522468774683,1
2024-08-27 00:00:00-04:00,224.52510403050715,227.356510742363,223.42234738221904,226.54185485839844,35934600,0.003741522468774683,0.0067104778425193246,225.11721801757812,219.10352249145507,219.07291748046876,0.03394894012821479,0.014967573325460571,-0.006753444060466962,0
2024-08-28 00:00:00-04:00,226.43257756563742,228.35991942602843,224.20719049274723,225.0119171142578,38052200,-0.006753444060466962,0.00039754361463884,225.13510131835938,219.33533782958983,219.27301361083985,0.02588082404249121,0.014780765893891948,0.014570218957451253,1
2024-08-29 00:00:00-04:00,228.59837969678284,231.3999685703833,227.38634017099784,228.29039001464844,51906300,0.014570218957451253,0.0234268031341629,226.18023986816405,219.9156494140625,219.58591369628905,0.038081603664402136,0.014439973123496142,-0.0034379505601106475,0
2024-08-30 00:00:00-04:00,228.68777538921813,228.89639643358683,225.99545426270925,227.5055389404297,52990800,-0.0034379505601106475,0.009522133574339842,226.6094207763672,220.38229446411134,219.97460876464845,0.032322217597559086,0.014467740668934971,-0.027205255495327485,0
2024-09-03 00:00:00-04:00,227.05847075546578,227.50553099413642,219.7266282681139,221.31619262695312,50190600,-0.027205255495327485,-0.01941187745097539,225.7331787109375,221.0649070739746,220.28298095703124,0.0011367048542644913,0.010961562425862052,-0.008618689042564132,0
2024-09-04 00:00:00-04:00,220.21344869061124,220.33266071869627,216.06071952153204,219.4087371826172,43840200,-0.008618689042564132,-0.03148697480313234,224.30655517578126,221.75336456298828,220.54030364990234,-0.010573131032269457,0.01089379042720072,0.006927729004683192,1
2024-09-05 00:00:00-04:00,220.1836359939166,224.00850159902006,220.07435325324454,220.92874145507812,36615400,0.006927729004683192,-0.018146486246354288,223.48992004394532,222.389315032959,220.80956909179687,-0.006567642773954325,0.01071606192427742,-0.007015090906102195,0
2024-09-06 00:00:00-04:00,222.48846914066658,223.77005891628232,218.3357556594125,219.37890625,48423000,-0.007015090906102195,-0.03903573761504642,221.70762329101564,222.77461471557618,220.96487976074218,-0.015242798062569169,0.010436405377691506,0.00040772845034808824,1
2024-09-09 00:00:00-04:00,219.37894424631622,219.82600453136772,215.29576534565257,219.46835327148438,67180000,0.00040772845034808824,-0.03532742853812354,220.10018615722657,223.0190101623535,221.10510986328126,-0.01592087099787738,0.010055495745373942,-0.0036214779618104487,0
2024-09-10 00:00:00-04:00,217.49131703149231,220.03460793809228,215.31560663834654,218.67355346679688,51591000,-0.0036214779618104487,-0.011940559471898426,219.5716583251953,223.14716720581055,221.29850982666017,-0.020047817747503017,0.010007659877074146,0.011585103332009794,1
2024-09-11 00:00:00-04:00,220.01474349397893,221.63409569372266,216.46803428284608,221.2069091796875,44587100,0.011585103332009794,0.008195535055532721,219.93129272460936,223.21621322631836,221.42091735839844,-0.009001604397766712,0.009589210437246387,0.0004940327030058533,1
2024-09-12 00:00:00-04:00,221.04795042006705,222.09110108310472,218.38544755210194,221.31619262695312,37455600,0.0004940327030058533,0.001753738193243537,220.00878295898437,223.26837005615235,221.4756509399414,-0.008743636318517704,0.009581218593105635,-0.0012119266600285616,0
2024-09-13 00:00:00-04:00,222.12092741382088,222.57791698251046,220.4618275881316,221.0479736328125,36766600,-0.0012119266600285616,0.007608148893360145,220.34259643554688,223.15809478759766,221.49961700439454,-0.009455723113219709,0.009061134220925408,-0.027775323402316587,0
2024-09-16 00:00:00-04:00,215.126845002842,215.80241517960704,212.52394807405793,214.90829467773438,59357400,-0.027775323402316587,-0.02077775007547067,219.4305847167969,222.67476959228514,221.3057244873047,-0.03487810913095854,0.01078219184386672,0.0021726427358825795,1
2024-09-17 00:00:00-04:00,214.34200737227792,215.48449636527135,213.10016491936787,215.37521362304688,45519300,0.0021726427358825795,-0.015083396192447251,218.7709167480469,222.22273941040038,221.09179748535155,-0.03081379432870509,0.01082152001237797,0.017989802215117034,1
2024-09-18 00:00:00-04:00,216.13026348358338,221.25659276615585,216.12031904206836,219.24977111816406,59894900,0.017989802215117034,-0.008847544901654292,218.37948913574218,221.93363876342772,220.93829376220702,-0.012093108823960457,0.011676312238580011,0.03706556859875043,1
2024-09-19 00:00:00-04:00,223.52171975466862,228.32020097310811,223.16406850984052,227.3763885498047,66781300,0.03706556859875043,0.02738252384933504,219.5915283203125,222.05633316040038,220.861982421875,0.023958134018007983,0.014484636700804403,-0.0029274550427984547,0
2024-09-20 00:00:00-04:00,228.46920754640476,231.56884144729943,226.1345376792504,226.71075439453125,318679900,-0.0029274550427984547,0.025617881352422156,220.72408447265624,222.2386360168457,220.87972778320312,0.020123046369608568,0.014360703342776992,-0.007581111390202899,0
2024-09-23 00:00:00-04:00,225.8563523524968,227.95258288382507,224.336338501163,224.99203491210938,54146000,-0.007581111390202899,0.04692113093864547,222.74083251953124,222.22025604248046,220.80415466308594,0.01247311527306968,0.014302196256313564,0.00397413970953564,1
2024-09-24 00:00:00-04:00,227.15783023434298,227.8532741806864,224.2568878942957,225.8861846923828,43556100,0.00397413970953564,0.04880306741207652,224.84302673339843,222.22969512939454,220.66985717773437,0.016453649728760403,0.01432639992298006,-0.004398096499943938,0
2024-09-25 00:00:00-04:00,223.46211039913067,225.80670975939722,222.55806053621265,224.89271545410156,42308700,-0.004398096499943938,0.025737515287513224,225.97161560058595,222.1472381591797,220.50735443115235,0.012358818041908748,0.014334287176959197,0.00508014041254623,1
2024-09-26 00:00:00-04:00,225.81663654010723,227.00880227293717,223.9389713421174,226.0352020263672,36636700,0.00508014041254623,-0.005898530326704177,225.70337829589843,222.19840240478516,220.48558990478514,0.017267449180811047,0.01429667346130279,0.0011866923847481115,1
2024-09-27 00:00:00-04:00,226.9690772008412,228.02215721764472,225.81664372013879,226.30343627929688,34026000,0.0011866923847481115,-0.0017966422295324636,225.62191467285157,222.09905471801758,220.56246856689452,0.018930209165533268,0.013902534905679284,0.022871923458814836,1
2024-09-30 00:00:00-04:00,228.5387415800987,231.47943115234375,228.1512873446241,231.47943115234375,54541900,0.022871923458814836,0.02883389290989169,226.91939392089844,222.2977493286133,220.74028717041017,0.0413035302942162,0.014809671312562334,-0.029141537415765972,0
2024-10-01 00:00:00-04:00,228.02216122790813,228.15130254219565,222.27988260723768,224.7337646484375,63285000,-0.029141537415765972,-0.005101773025715128,226.68890991210938,222.4686279296875,220.7901382446289,0.010181825364904527,0.015008547276605208,0.002519664381519071,1
2024-10-02 00:00:00-04:00,224.41582711263038,225.8861642954019,221.56456176324298,225.30001831054688,32880600,0.002519664381519071,0.0018110984858841217,226.77037048339844,222.763191986084,220.83047607421875,0.011387995933463527,0.014843542264308653,-0.004894596519858574,0
2024-10-03 00:00:00-04:00,223.67072564154154,225.3298253274289,221.8626109260752,224.197265625,34044200,-0.004894596519858574,-0.00813119542836871,226.402783203125,222.92661819458007,220.97716583251952,0.005699846167813173,0.014848489275945382,0.00500735316537293,1
2024-10-04 00:00:00-04:00,226.41271278943105,226.5120662505933,222.66732681912907,225.3199005126953,37245100,0.00500735316537293,-0.0043460929395156,226.2060760498047,223.22366790771486,221.1671469116211,0.009390727357132587,0.014756863735600341,-0.02253083232288622,0
2024-10-07 00:00:00-04:00,223.0349151567562,224.2171516536621,219.8856043654075,220.24325561523438,39505400,-0.02253083232288622,-0.04854070826584367,223.9588409423828,223.26241302490234,221.24626739501954,-0.0135229095160376,0.01570244592299832,0.01840408339777677,1
2024-10-08 00:00:00-04:00,222.83622285599392,224.50525191173782,221.79307211654884,224.296630859375,31855700,0.01840408339777677,-0.001945118437126414,223.8714141845703,223.54356689453124,221.40089813232422,0.0033687570405417215,0.01617859359385587,0.016698318528298728,1
2024-10-09 00:00:00-04:00,223.7601370790405,228.25064364916537,223.36275355639287,228.04200744628906,33591100,0.016698318528298728,0.012170390203709136,224.41981201171876,223.88532180786132,221.61932250976562,0.018566137363819762,0.01638716121810683,-0.002178326193022495,0
2024-10-10 00:00:00-04:00,226.2934858996686,228.00226223679437,225.68746620848788,227.54525756835938,28183500,-0.002178326193022495,0.01493324164336296,225.08941040039062,224.19677505493163,221.76271545410157,0.014935462441898688,0.016407966100508955,-0.0065053218105783905,0
2024-10-11 00:00:00-04:00,227.80358186995707,227.91286461183438,225.85636623992795,226.06500244140625,31759200,-0.0065053218105783905,0.0033068624964573967,225.23843078613282,224.44762649536133,221.9503323364258,0.007206028289536591,0.016496747025109983,0.01647981599681847,1
2024-10-14 00:00:00-04:00,227.20747392643057,230.21769857807328,227.10813563369229,229.79051208496094,39882100,0.01647981599681847,0.04334868935285652,227.14788208007812,225.19173736572264,222.18268981933593,0.020421596160829173,0.015324723139604066,0.011024697881098833,1
2024-10-15 00:00:00-04:00,232.08544385770335,235.9401275315396,230.853530735341,232.32388305664062,64751400,0.011024697881098833,0.035788554498165315,228.75333251953126,226.03917083740234,222.675888671875,0.027803642156160154,0.015413020573898583,-0.008851880697074321,0
2024-10-16 00:00:00-04:00,230.0885617348273,230.60515724916505,228.34003796565733,230.2673797607422,34082200,-0.008851880697074321,0.009758606931125513,229.1984069824219,226.59005126953124,223.16844451904296,0.016228993597060988,0.015290375363431589,0.0015964027891690602,1
2024-10-17 00:00:00-04:00,231.9066247344228,232.3238971476739,229.0156269629083,230.63497924804688,32993800,0.0015964027891690602,0.013578492967533107,229.81635131835938,226.75298080444335,223.61694946289063,0.01711994448686626,0.012957162922874325,0.012276566411911327,1
2024-10-18 00:00:00-04:00,234.63867690560429,234.63867690560429,232.4828401919167,233.4663848876953,46431500,0.012276566411911327,0.032740063107324247,231.2966278076172,227.09076232910155,224.0528189086914,0.028075217561488317,0.013171710445618547,0.0062977873923080185,1
2024-10-21 00:00:00-04:00,232.91995571367772,235.3043021987925,232.91995571367772,234.93670654296875,36254500,0.0062977873923080185,0.02239515640273737,232.32586669921875,227.58799591064454,224.45994415283204,0.03228953531982179,0.013030057137129276,-0.002621711559509854,0
2024-10-22 00:00:00-04:00,232.36362533760988,234.67842149785605,231.0820505913223,234.32077026367188,38846600,-0.002621711559509854,0.008595273033312756,232.725244140625,228.00972518920898,224.82415130615234,0.027678841633732118,0.013067428963884943,-0.02162303699697188,0
2024-10-23 00:00:00-04:00,232.55238437433343,233.60546433739609,226.27362172475395,229.25404357910156,52287000,-0.02162303699697188,-0.004400693588008542,232.52257690429687,228.227791595459,225.01271240234374,0.0044966126888772205,0.014037134554082745,-0.0008232612126159999,0
2024-10-24 00:00:00-04:00,228.47914643577636,229.3136761173618,226.91940013747097,229.0653076171875,31109500,-0.0008232612126159999,-0.006805869759986427,232.208642578125,228.379296875,225.18855743408204,0.0030038219382161574,0.0140100774705699,0.0036431463205761627,1
2024-10-25 00:00:00-04:00,228.24072625952675,231.69801159617745,228.07183749564092,229.8998260498047,38802300,0.0036431463205761627,-0.015276541158617984,231.49533081054688,228.5591163635254,225.321484375,0.005865920850634047,0.014024778205020424,0.008599352944553607,1
2024-10-28 00:00:00-04:00,231.7973512193415,233.19813797949908,231.032372026897,231.87681579589844,36087100,0.008599352944553607,-0.013024319579923449,230.88335266113282,228.57898559570313,225.46752471923827,0.014427530123124756,0.013184964261272776,0.0011568621502671128,1
2024-10-29 00:00:00-04:00,231.5787930163908,232.80076177889833,230.80388451731673,232.1450653076172,35417200,0.0011568621502671128,-0.009285156213879153,230.44821166992188,228.9495506286621,225.62210968017578,0.013957287403188433,0.011236690446350794,-0.015277977796428921,0
2024-10-30 00:00:00-04:00,231.09197226998216,231.94636045913163,228.05194445904854,228.59835815429688,47070900,-0.015277977796428921,-0.002860082267549857,230.31707458496095,229.1144676208496,225.69344116210937,-0.0022526271339914634,0.011854745518304457,-0.01820935289053338,0
2024-10-31 00:00:00-04:00,227.84333875182722,228.33014650168323,223.8992454954501,224.43572998046875,64370100,-0.01820935289053338,-0.0202107324102333,229.3911590576172,229.12639083862305,225.68370574951172,-0.020471936213834054,0.01254479255044116,-0.013279763839163738,0
2024-11-01 00:00:00-04:00,219.5279346472888,223.87935529424118,218.83250593091054,221.4552764892578,65276700,-0.013279763839163738,-0.03673143083943642,227.7022491455078,228.93315963745118,225.65151733398437,-0.03266404552331205,0.012833567426620195,-0.004037539929773293,0
2024-11-04 00:00:00-05:00,219.54780947276666,221.33605042122997,218.2761640538016,220.56114196777344,44944500,-0.004037539929773293,-0.04880036751102035,225.43911437988282,228.9490539550781,225.55554748535155,-0.03663658723372782,0.011809789619499174,0.00648619704531983,1
2024-11-05 00:00:00-05:00,220.35251908634842,222.4884819564664,219.6968226591573,221.9917449951172,28111300,0.00648619704531983,-0.043736963777566196,223.4084503173828,228.83380966186525,225.48143432617186,-0.02989971052292574,0.01112018091688425,-0.0032668770029193883,0
2024-11-06 00:00:00-05:00,221.15724252476647,224.5946691536601,219.74651129717958,221.2665252685547,54561100,-0.0032668770029193883,-0.03207299013404741,221.94208374023438,228.49503555297852,225.375927734375,-0.0316353056289831,0.010369875481860661,0.021372087831926345,1
2024-11-07 00:00:00-05:00,223.16406118155706,226.39285156162418,223.10445516924474,225.99545288085938,42137700,0.021372087831926345,0.0069495302754438715,222.2540283203125,228.41754531860352,225.39559844970702,-0.010603793304781972,0.011553097469783296,-0.0011881839501586278,0
2024-11-08 00:00:00-05:00,225.9357792784742,227.4176895436531,225.17991383614745,225.7269287109375,38328800,-0.0011881839501586278,0.019289006292369404,223.10835876464844,228.40064163208007,225.34432922363283,-0.011706240849574872,0.011463086031942363,-0.012028669851905316,0
2024-11-11 00:00:00-05:00,223.77755477883602,224.4737485807484,220.29657059338746,223.01173400878906,42005600,-0.012028669851905316,0.011110715238197733,223.59847717285157,228.06170272827148,225.254453125,-0.022142993142076576,0.011070133229597483,0.0,0
2024-11-12 00:00:00-05:00,223.3300027044557,224.36434561359883,222.14646565326132,223.01173400878906,40398300,0.0,0.004594715959795215,223.80247497558594,227.5960952758789,225.28836395263673,-0.02014253039593203,0.010684682330489496,0.003969129057042053,1
2024-11-13 00:00:00-05:00,222.79292649286415,225.41858250992726,221.5497178640296,223.8968963623047,48566200,0.003969129057042053,0.011887795004497326,224.32854919433595,227.27757110595704,225.37812713623046,-0.01487465185060551,0.010635757367275837,0.013770583550115845,1
2024-11-14 00:00:00-05:00,223.79747584076947,227.62654977508777,223.77758025105393,226.98008728027344,44923900,0.013770583550115845,0.004356877038287799,224.52547607421874,227.09482650756837,225.49915405273438,-0.0005052480897934914,0.011149126657337518,-0.014109164499941373,0
2024-11-15 00:00:00-05:00,225.16997570047775,225.68715481951833,223.05155818805096,223.777587890625,47923700,-0.014109164499941373,-0.008635836368503402,224.13560791015624,226.61038665771486,225.58712768554688,-0.012500745481577041,0.011088854450024867,0.013422192292544155,1
2024-11-18 00:00:00-05:00,224.0262188410909,228.49183017609323,223.94665165924164,226.7811737060547,44633700,0.013422192292544155,0.016902427641395157,224.88949584960938,226.20261001586914,225.7333840942383,0.002557723317803265,0.011478991990029105,0.0011401307103171554,1
2024-11-19 00:00:00-05:00,225.7467938634959,228.90952454109907,225.42854034251505,227.03973388671875,36211800,0.0011401307103171554,0.018061829328545276,225.69509582519532,225.83855819702148,225.9007077026367,0.00531873608867694,0.011493944406816357,0.0031541185202828004,1
2024-11-20 00:00:00-05:00,226.82094870348703,228.68078414631773,224.6627401240164,227.75584411621094,35169600,0.0031541185202828004,0.017235378500565668,226.46688537597657,225.76364822387694,226.03168640136718,0.008824254515759989,0.01050522993833064,-0.0020961118923247257,0
2024-11-21 00:00:00-05:00,227.63648708983084,228.9095315645878,224.48371169719937,227.2784423828125,42108300,-0.0020961118923247257,0.0013144549643715475,226.52655639648438,225.6743049621582,226.15093139648437,0.007108197013936893,0.010512576993944318,0.005907584599313065,1
2024-11-22 00:00:00-05:00,226.82094518602503,229.46649702017746,226.82094518602503,228.62110900878906,38168300,0.005907584599313065,0.021644353055281895,227.4952606201172,225.61036911010743,226.3023941040039,0.013344864912712705,0.010569761078483045,0.013050866677260853,1
2024-11-25 00:00:00-05:00,230.20248468460477,231.98275293866183,228.49182822914253,231.6048126220703,90152800,0.013050866677260853,0.021270014777628132,228.45998840332032,225.596768951416,226.63632446289063,0.02663178067035251,0.0108095294822617,0.009404383964558116,1
2024-11-26 00:00:00-05:00,232.06231657216094,234.29015208323423,232.06231657216094,233.7829132080078,45986200,0.009404383964558116,0.029700437037393446,229.80862426757812,225.67866134643555,227.00447845458984,0.03591058105901986,0.011011545005169541,-0.0005530899446042348,0
2024-11-27 00:00:00-05:00,233.19611792325418,234.40949083683986,232.53970008294309,233.6536102294922,33498400,-0.0005530899446042348,0.02589512526524662,230.98817749023436,225.93142395019532,227.2925552368164,0.03417933700537006,0.010381730471878405,0.010215818571262636,1
2024-11-29 00:00:00-05:00,233.53426018813377,236.51796100091357,232.69882760276832,236.0405731201172,28481400,0.010215818571262636,0.03855240578667085,232.7406036376953,226.51166610717775,227.46583892822267,0.04206806288039346,0.00950094527102153,0.009522692092748475,1
2024-12-02 00:00:00-05:00,235.98092716494563,239.48179223890946,235.8715241828912,238.28831481933594,48137100,0.009522692092748475,0.042284834731403764,234.67404479980468,227.35331802368165,227.69739013671875,0.048096930762696284,0.008844771789924065,0.012771650020878544,1
2024-12-03 00:00:00-05:00,238.5070834549783,241.44105274520533,237.6020239428951,241.33164978027344,38861000,0.012771650020878544,0.041997560620967045,236.61941223144532,228.39184341430663,228.02418243408204,0.0566561667550175,0.008868746975535488,0.0014836325267637562,1
2024-12-04 00:00:00-05:00,241.5504585064531,242.78372692760894,239.93926498233728,241.689697265625,44383900,0.0014836325267637562,0.033821051971330895,238.20076904296874,229.37674102783203,228.3402526855469,0.05368005571366519,0.00888171957087454,0.0001235528470313607,1
2024-12-05 00:00:00-05:00,242.6644095132275,243.21140922639395,240.81451427308068,241.7195587158203,40033900,0.0001235528470313607,0.03452096664975923,239.81395874023437,230.3993927001953,228.67678955078125,0.04913279450504129,0.008761289387844593,-0.0008229736727332071,0
2024-12-06 00:00:00-05:00,241.59025685240857,243.30091318780651,240.76476447856876,241.5206298828125,36870600,-0.0008229736727332071,0.02321658810710736,240.90997009277345,231.17565155029297,228.98649810791017,0.04474942868396739,0.007867318631016453,0.016101164648424593,1
2024-12-09 00:00:00-05:00,240.51612576959502,245.89673657618508,240.43655859300793,245.40939331054688,44649200,0.016101164648424593,0.029884295822940166,242.3341857910156,232.15977478027344,229.36861724853514,0.05707112070906116,0.00828064171208553,0.004133767327917814,1
2024-12-10 00:00:00-05:00,245.54863486606115,246.86147053083658,244.00705305092782,246.42385864257812,36914800,0.004133767327917814,0.02110046016318634,243.35262756347657,233.33038101196288,229.66750579833985,0.05611561415118049,0.007347373431735309,-0.005166061348511053,0
2024-12-11 00:00:00-05:00,246.61283253090062,249.43739908317045,244.92205654138039,245.15081787109375,45205800,-0.005166061348511053,0.014320513636395749,244.04485168457032,234.4373352050781,230.07584686279296,0.04569870518551933,0.007619273292199346,0.005963760948136887,1
2024-12-12 00:00:00-05:00,245.54864477609476,247.3885997871069,244.34521203481492,246.6128387451172,32777500,0.005963760948136887,0.020243624700017282,245.02350769042968,235.57313232421876,230.50210327148437,0.046863181348306325,0.007621276199388967,0.0006854960385827003,1
2024-12-13 00:00:00-05:00,246.47357755688842,247.93557694468342,244.90216002667665,246.78189086914062,33155300,0.0006854960385827003,0.021783898911165167,246.0757598876953,236.5632225036621,230.9537957763672,0.04319635257471322,0.007374729547465738,0.011727746904149017,1
2024-12-16 00:00:00-05:00,246.6426692963963,250.01425073054844,246.3045049916291,249.67608642578125,51694800,0.011727746904149017,0.01738602201683137,246.9290985107422,237.85814743041993,231.4409194946289,0.04968481896891251,0.006158215828939349,0.009719563408938203,1
2024-12-17 00:00:00-05:00,248.72130738305802,252.45093348613432,248.42293425963442,252.1028289794922,51356400,0.009719563408938203,0.023045537750267187,248.064892578125,239.1242301940918,232.07811096191406,0.05427554863372039,0.005960263139648367,-0.021421743657520365,0
2024-12-18 00:00:00-05:00,250.7900177691265,252.89849494785605,246.39403346062903,246.7023468017578,56774100,-0.021421743657520365,0.006328875196655037,248.3751983642578,240.10736083984375,232.5262252807617,0.027466821253818392,0.008420902448759916,0.007014584777167876,1
2024-12-19 00:00:00-05:00,246.15530978567995,250.63086087269232,245.74753371109492,248.432861328125,60882300,0.007014584777167876,0.007380080421882873,248.73920288085938,241.14121170043944,232.93404235839844,0.030238089857256324,0.008440003681748031,0.01881600825880203,1
2024-12-20 00:00:00-05:00,246.69240643268387,253.61459983498276,244.35518295150268,253.1073760986328,147495300,0.01881600825880203,0.02563188574013453,250.00429992675782,242.43265838623046,233.4452847290039,0.0440316819666927,0.008878372049406688,0.003064811189291694,1
2024-12-23 00:00:00-05:00,253.38581895601413,254.26102752773247,252.07298333460633,253.8831024169922,40858800,0.003064811189291694,0.016849895604485576,250.845703125,243.6957580566406,234.00164672851562,0.04180353585795201,0.008893133266134893,0.011478149780842495,1
2024-12-24 00:00:00-05:00,254.10192745486222,256.80713572411884,253.90300191480816,256.7972106933594,23234700,0.011478149780842495,0.018620900578029786,251.78457946777343,244.95537796020508,234.5417807006836,0.04834281587023613,0.008827626028077209,0.0031757402583636463,1
2024-12-26 00:00:00-05:00,256.78725468311694,258.6868812844183,256.23029959445824,257.61273193359375,27237100,0.0031757402583636463,0.044224893979639246,253.96665649414064,246.14686889648436,235.04755767822266,0.04658138894275876,0.00878173159878053,-0.01324220922130237,0
2024-12-27 00:00:00-05:00,256.42919055718573,257.29448932345014,251.68511699924173,254.2013702392578,42355300,-0.01324220922130237,0.02321958890741871,255.1203582763672,247.17425689697265,235.52623748779297,0.028429794552651204,0.009615376261959891,-0.013263429807937821,0
2024-12-30 00:00:00-05:00,250.85962400320443,252.1227283114492,249.38766912858338,250.8297882080078,35557500,-0.013263429807937821,-0.008998504609906921,254.6648406982422,247.9137176513672,235.9301336669922,0.011762441321385016,0.010262424100519103,-0.00705787267006408,0
2024-12-31 00:00:00-05:00,251.0684930674946,251.90392569582917,248.07483671879714,249.05946350097656,39480700,-0.00705787267006408,-0.018999448447313383,253.70011291503906,248.45227508544923,236.24199523925782,0.002443883499631889,0.01038468742950285,-0.02623584909070442,0
2025-01-02 00:00:00-05:00,247.57756417344766,247.74665392379396,240.5062071395791,242.52517700195312,55740700,-0.02623584909070442,-0.055577058850722616,250.8457061767578,248.5119514465332,236.3937646484375,-0.024090489047840096,0.011864953237919416,-0.00200954692078148,0
2025-01-03 00:00:00-05:00,242.03781127929688,242.853348279154,240.57579666249651,242.03781127929688,40244100,-0.00200954692078148,-0.06045866032084046,247.73072204589843,248.52935714721679,236.54810546875,-0.02611983526789003,0.011872536091453906,0.006738981187339288,1
2025-01-06 00:00:00-05:00,242.9826459215422,245.98624232017474,241.8786760145675,243.6688995361328,45045600,0.006738981187339288,-0.04143357171211037,245.62422790527344,248.62682418823243,236.83640258789063,-0.019941229866436434,0.01196387850172937,-0.011387690653534621,0
2025-01-07 00:00:00-05:00,241.6598791297847,244.215923537777,240.0387452815234,240.89407348632812,40856000,-0.011387690653534621,-0.03961138265380271,243.6370849609375,248.5954963684082,237.07297790527343,-0.030979736135955088,0.012253690883454887,0.002023026959630858,1
2025-01-08 00:00:00-05:00,240.6056476428208,242.38593107741448,238.74581220273618,241.38140869140625,37628900,0.002023026959630858,-0.030828199425316005,242.10147399902343,248.39409713745118,237.30260955810547,-0.028232105862662255,0.011666871049988474,-0.024103853223164884,0
2025-01-10 00:00:00-05:00,238.70600665338932,238.85520080045117,231.73409784256125,235.5631866455078,61710900,-0.024103853223164884,-0.02870625822237516,240.70907592773438,247.85106353759767,237.37633697509764,-0.04957766457284477,0.012705571351154717,-0.010344109021782733,0
2025-01-13 00:00:00-05:00,232.2612269401141,233.39503269669683,228.47192915300568,233.12649536132812,49630700,-0.010344109021782733,-0.03681786688975486,238.92681274414062,247.24984741210938,237.39596557617188,-0.05712178267694066,0.012821972844601213,-0.004778122103303195,0
2025-01-14 00:00:00-05:00,233.47460320476435,234.8371551382162,231.20699165927476,232.01258850097656,39435300,-0.004778122103303195,-0.047836679434044016,236.59555053710938,246.51983489990235,237.46425018310546,-0.058848191281713105,0.012675884786294745,0.01967593011248736,1
2025-01-15 00:00:00-05:00,233.36520475508792,237.66174156203553,233.15633900368562,236.57765197753906,39832000,0.01967593011248736,-0.017918338323229976,235.73226623535157,246.00962295532227,237.70708862304687,-0.03833984567138719,0.01363881326910005,-0.04040020244637099,0
2025-01-16 00:00:00-05:00,236.06049286491137,236.71689557722044,226.79112077355302,227.01986694335938,71759100,-0.04040020244637099,-0.059497298594389125,232.85995788574218,244.87681198120117,237.81838043212892,-0.07292215581119477,0.015698556821494902,0.007535165742324823,1
2025-01-17 00:00:00-05:00,230.85887189963304,231.02794645733286,227.23864886634655,228.73049926757812,68488300,0.007535165742324823,-0.029005752024453657,231.49342041015626,243.70819549560548,237.981767578125,-0.06145749919311774,0.01560078494465748,-0.031915702662600465,0
2025-01-21 00:00:00-05:00,222.78301644137267,223.20073277609362,218.18812158355374,221.43040466308594,98070400,-0.031915702662600465,-0.05017057662242186,229.15420227050782,242.44459838867186,237.97054077148437,-0.0866762710542938,0.01634998635571972,0.005344942202695879,1
2025-01-22 00:00:00-05:00,218.59587812819439,222.9023551356524,218.59587812819439,222.6139373779297,64126500,0.005344942202695879,-0.04050922919213629,227.27447204589845,241.1536521911621,237.99748901367187,-0.07687926201729683,0.016288155693615036,-0.0007595330444855053,0
2025-01-23 00:00:00-05:00,223.51898889751178,225.7965406078772,221.09224303438072,222.44485473632812,60234800,-0.0007595330444855053,-0.05973851343554937,224.44791259765626,239.6205261230469,237.92647705078124,-0.0716786314787529,0.015319262268747427,-0.00393458811566294,0
2025-01-24 00:00:00-05:00,223.55875977197638,224.4041477572621,220.2070739772995,221.5696258544922,54697900,-0.00393458811566294,-0.024007771488241625,223.3578643798828,238.00485229492188,237.84333099365233,-0.06905416541703151,0.015172757970621327,0.03178030226598594,1
2025-01-27 00:00:00-05:00,222.80290778981754,230.888727332658,222.76311661057002,228.61117553710938,94863400,0.03178030226598594,-0.0005216782670034448,223.33399963378906,236.59555053710938,237.95531982421875,-0.03374693641479818,0.017017984326351095,0.036543881024106994,1
2025-01-28 00:00:00-05:00,229.5957855991,238.88503723433337,229.55599442275542,236.96551513671875,75707600,0.036543881024106994,0.07015798258269923,226.44102172851564,235.5631896972656,238.23439544677734,0.0059530754412662566,0.019398740559036804,0.004616873963120716,1
2025-01-29 00:00:00-05:00,232.84801856891494,238.55683854812662,232.73861559310797,238.05955505371094,45486100,0.004616873963120716,0.06938297690480799,229.53014526367187,234.75609893798827,238.51764862060546,0.014071864929887459,0.019361413237931883,-0.007394751430810587,0
2025-01-30 00:00:00-05:00,237.37329797187644,239.48177510143526,235.9212386876704,236.29916381835938,55658300,-0.007394751430810587,0.062281993883172904,232.30100708007814,234.02956771850586,238.7040301513672,0.00969790322641376,0.01924333019464514,-0.006692258645848992,0
2025-01-31 00:00:00-05:00,245.84699474947953,245.84699474947953,232.1716998572169,234.71778869628906,100959800,-0.006692258645848992,0.05934099852852337,234.9306396484375,233.31248397827147,238.92283416748046,0.006023272711581376,0.019239248794954457,-0.03385595221572091,0
2025-02-03 00:00:00-05:00,228.7404478557844,230.5704473180637,224.4737473364884,226.7711944580078,73063300,-0.03385595221572091,-0.008048517640393715,234.5626434326172,232.52478485107423,238.92263458251952,-0.02474398760008072,0.019795514971141195,0.021007925283263784,1
2025-02-04 00:00:00-05:00,226.01533721300711,231.8633956790269,225.4185909783935,231.53518676757812,45067300,0.021007925283263784,-0.022916112355030105,233.47657775878906,231.9996536254883,239.01254364013673,-0.00200201530757432,0.020522042701632257,-0.0014176325253445476,0
2025-02-05 00:00:00-05:00,227.2883591707339,231.4058652892623,227.02977725515262,231.2069549560547,39620300,-0.0014176325253445476,-0.02878523441795966,232.1060577392578,231.37655639648438,239.0815658569336,-0.0007330104789832739,0.020419712942603835,0.003226358052422107,1
2025-02-06 00:00:00-05:00,230.03338922164468,232.5297620441898,229.17806101517482,231.95291137695312,29925300,0.003226358052422107,-0.01839300813077427,231.23680725097657,230.92949829101562,239.1750552368164,0.004431712247725963,0.020343361217841124,-0.02396872734152533,0
2025-02-07 00:00:00-05:00,231.33629458433444,232.72868233994458,226.02529517161955,226.39329528808594,39707200,-0.02396872734152533,-0.03546596725557316,229.57190856933593,230.18009262084962,239.13049896240236,-0.016451454553028,0.0209156969266824,0.0011872417378522293,1
2025-02-10 00:00:00-05:00,228.57376015165607,229.58932279803912,226.21403472606798,226.66207885742188,33115600,0.0011872417378522293,-0.00048117046279505526,229.55008544921876,229.73503723144532,239.03164428710937,-0.013376098008627251,0.020328382910888863,0.0218318645778397,1
2025-02-11 00:00:00-05:00,227.20971719471092,234.2092091135714,227.1400288616486,231.61053466796875,53718400,0.0218318645778397,0.00032542742829955174,229.56515502929688,229.65923919677735,238.9881967163086,0.008496481474100355,0.020876365727183308,0.018270185287032614,1
2025-02-12 00:00:00-05:00,230.19670873650108,235.93172304376256,229.67896101319025,235.84210205078125,45243300,0.018270185287032614,0.020047611005506116,230.4921844482422,229.85071487426757,239.0319665527344,0.026066428289296725,0.021238611524813933,0.019673207062975928,1
2025-02-13 00:00:00-05:00,235.8819260401158,241.28835511000761,234.54774465400956,240.48187255859375,53614100,0.019673207062975928,0.03677022690083831,232.1979766845703,230.04592590332032,239.1207925415039,0.04536462279996762,0.02123848573765639,0.012710672820557045,1
2025-02-14 00:00:00-05:00,240.2030902821229,244.484433375407,239.94422402720738,243.53855895996094,40896200,0.012710672820557045,0.07573220598276831,235.6270294189453,230.8718605041504,239.2257974243164,0.05486462675940898,0.018986023940621353,-0.0005314355532891613,0
2025-02-18 00:00:00-05:00,243.09051524526637,244.1160443880909,240.79054182412452,243.4091339111328,48822500,-0.0005314355532891613,0.07388556188194761,238.9764404296875,231.6057922363281,239.26734710693358,0.05096306772311071,0.01898570961379953,0.0016360268431772074,1
2025-02-19 00:00:00-05:00,243.59827761149603,244.94241003871878,242.1047870084227,243.80735778808594,32204200,0.0016360268431772074,0.05266091690346575,241.41580505371093,232.72463989257812,239.3097003173828,0.047621592198502975,0.017100251146406547,0.003920539281152546,1
2025-02-20 00:00:00-05:00,243.87707690453925,245.70908851524857,243.2298884862767,244.76321411132812,32316900,0.003920539281152546,0.037826630542098894,243.2000274658203,233.83210372924805,239.37057342529297,0.04674768865244058,0.017101546058766157,-0.0011389704828973501,0
2025-02-21 00:00:00-05:00,244.88269415360097,247.61080936192474,244.15586625078134,244.48443603515625,53197400,-0.0011389704828973501,0.0166439300974226,244.00054016113282,234.93408279418946,239.42984954833983,0.04065120363712076,0.017108355364029975,0.006312360618159429,1
2025-02-24 00:00:00-05:00,243.86711335623195,247.7800669312537,243.3593319822528,246.0277099609375,51326400,0.006312360618159429,0.01022076755158019,244.4983703613281,236.15698699951173,239.44221588134766,0.04179729376986919,0.01698367291343619,-0.000242810694735085,0
2025-02-25 00:00:00-05:00,246.92381259977986,248.91513366913293,243.84722519384715,245.9679718017578,48013300,-0.000242810694735085,0.010512497413343702,245.01013793945313,237.02482681274415,239.43309814453124,0.03773083650886487,0.015835005800316278,-0.0270401718834844,0
2025-02-26 00:00:00-05:00,243.26972892021308,243.91690216055417,238.0922974197643,239.31695556640625,44433600,-0.0270401718834844,-0.018417828987682516,244.1120574951172,237.14239883422852,239.3164208984375,0.0091698352671967,0.015285126519205335,-0.01273084535990976,0
2025-02-27 00:00:00-05:00,238.37109275336516,241.40786042901627,236.0312844149354,236.27024841308594,41153600,-0.01273084535990976,-0.03469870147390386,242.41346435546876,237.05293350219728,239.10956909179689,-0.0033017312949813575,0.015535676301371953,0.0191318806316656,1
2025-02-28 00:00:00-05:00,235.9217631442628,241.03945773883657,229.20105446423008,240.79054260253906,56833400,0.0191318806316656,-0.015108910376961604,241.6746856689453,237.27750244140626,238.98974212646485,0.0148056184214107,0.01601946740410974,-0.015754241213288722,0
2025-03-03 00:00:00-05:00,240.7407483660274,242.97103338088397,235.08540395372597,236.9970703125,47184000,-0.015754241213288722,-0.03670578265298374,239.86855773925782,237.3914665222168,238.7361618041992,-0.0016613748400256508,0.016374626818734823,-0.008822457609658607,0
2025-03-04 00:00:00-05:00,236.6784633674393,239.02822274747484,233.6615980851158,234.9061737060547,53798100,-0.008822457609658607,-0.04497251416383019,237.65619812011718,237.79821548461913,238.39222869873046,-0.012161747188348879,0.014444278576062173,-0.0008053362915595441,0
2025-03-05 00:00:00-05:00,234.3983766092207,235.5234777567522,228.23523611666363,234.7169952392578,47227600,-0.0008053362915595441,-0.01922120526839155,236.7362060546875,237.95730590820312,238.15252166748047,-0.013617193456524207,0.013728398416146918,-0.0017391939743134355,0
2025-03-06 00:00:00-05:00,233.42263965762712,236.82779659290307,232.14819548977783,234.30877685546875,45170400,-0.0017391939743134355,-0.008301813583349804,236.34391174316406,238.11239700317384,237.87003997802734,-0.0159740534116516,0.013731286252334263,0.015892641540643737,1
2025-03-07 00:00:00-05:00,234.08974000390756,240.32256924437755,233.74125275300776,238.03256225585938,46273600,0.015892641540643737,-0.01145385660446041,235.7923156738281,238.41637954711913,237.56854370117188,-0.0016098612519359421,0.014137300320593505,-0.04847957993043717,0
2025-03-10 00:00:00-04:00,234.5178647329352,235.13518456664028,223.24699590534985,226.4928436279297,72071200,-0.04847957993043717,-0.0443221794713311,233.69147033691405,238.42135696411134,237.0207385253906,-0.05003122827615315,0.017185143901421663,-0.029189335217892576,0
2025-03-11 00:00:00-04:00,222.83878108425105,224.85997074742775,216.5063794973434,219.8816680908203,76137400,-0.029189335217892576,-0.06395960301169012,230.6865692138672,238.08233642578125,236.28242767333984,-0.07644694943858103,0.018390062365518142,-0.017478772796841624,0
2025-03-12 00:00:00-04:00,219.18469713036333,220.78771110845915,213.9773970817033,216.0384063720703,62547500,-0.017478772796841624,-0.07957919215925358,226.9508514404297,237.30373001098633,235.4509411621094,-0.08961226036325474,0.01787499310143804,-0.03364367441753047,0
2025-03-13 00:00:00-04:00,215.01287598245443,215.899013195213,207.51555384047248,208.77008056640625,61368300,-0.03364367441753047,-0.10899590118562141,221.84311218261718,235.95012893676758,234.54231536865234,-0.11519403906596437,0.01833805306444089,0.018170574441256804,1
2025-03-14 00:00:00-04:00,210.3332680009786,213.02154815111564,208.67051688888432,212.5635528564453,60107600,0.018170574441256804,-0.10699800547471994,216.7493103027344,234.55421295166016,233.77699066162108,-0.09375512730503356,0.01823045795003472,0.002388919616684637,1
2025-03-17 00:00:00-04:00,212.3843419118567,214.28605714072168,209.0588394397278,213.07135009765625,48073400,0.002388919616684637,-0.05925791435742467,214.06501159667968,233.0308525085449,233.05722839355468,-0.08565175896679507,0.017814517591837768,-0.006121523557553354,0
2025-03-18 00:00:00-04:00,213.23065092190424,214.21634506867483,210.57223927739028,211.76702880859375,42432400,-0.006121523557553354,-0.036904573958729814,212.44208374023438,231.44874725341796,232.4420654296875,-0.08503704892934373,0.017759593850083747,0.011989309402751003,1
2025-03-19 00:00:00-04:00,213.29039128502816,217.8106832228152,212.8224296395377,214.30596923828125,54385400,0.011989309402751003,-0.008019116428795492,212.09559631347656,229.97367782592772,231.88742858886718,-0.06812826900783713,0.018164304133920818,-0.005296425228035306,0
2025-03-20 00:00:00-04:00,213.0613904363763,216.5462020975973,211.29906714235267,213.17091369628906,48862900,-0.005296425228035306,0.021079807594762023,212.97576293945312,228.3940628051758,231.2774688720703,-0.06665299842698778,0.018008430604457493,0.019476937223347424,1
2025-03-21 00:00:00-04:00,210.6419412957371,217.8903488075446,210.36315756009637,217.3228302001953,94127800,0.019476937223347424,0.022389903065668904,213.92761840820313,227.03598251342774,230.80604400634766,-0.042782435654920715,0.018912619303049168,0.011270377348197247,1
2025-03-24 00:00:00-04:00,220.04097309502072,220.5188858867363,217.63147647971348,219.7721405029297,44299500,0.011270377348197247,0.03144857533498646,215.2677764892578,225.72320404052735,230.3738586425781,-0.026364429669043603,0.019109814179266917,0.013681814751342891,1
2025-03-25 00:00:00-04:00,219.81195837594151,223.12750944589686,219.12495024533285,222.77902221679688,34493600,0.013681814751342891,0.052000509570148123,217.47017517089844,224.5637565612793,230.1181753540039,-0.007947561849747535,0.019557963457098378,-0.00992168106867608,0
2025-03-26 00:00:00-04:00,222.54008343913912,224.0435405886843,219.51328206033222,220.5686798095703,34466100,-0.00992168106867608,0.02922322039628167,218.72271728515625,223.6263427734375,229.86701904296876,-0.013673089341558461,0.018894689858114606,0.010472640655200038,1
2025-03-27 00:00:00-04:00,220.42928473771144,224.0136687326393,219.60288467242046,222.8786163330078,37094800,0.010472640655200038,0.0455395272666026,220.6642578125,222.9567611694336,229.6843395996094,-0.00035049323472369285,0.019035701479796496,-0.026580362142440972,0
2025-03-28 00:00:00-04:00,220.7080664246457,222.8387793372666,216.73537546649092,216.9544219970703,39818600,-0.026580362142440972,-0.001695211693983678,220.590576171875,221.76495513916015,229.291875,-0.021692034880223393,0.019015794677410578,0.019412553869742055,1
2025-03-31 00:00:00-04:00,216.0682695484103,224.6409066608951,215.29165561007284,221.1660614013672,65299300,0.019412553869742055,0.0063425732453969985,220.8693603515625,220.97340469360353,229.17479888916014,0.0008718547285398155,0.019588682766050632,0.004771931993587275,1
2025-04-01 00:00:00-04:00,218.85611373602535,222.70931468653842,217.95005911072687,222.22145080566406,36412700,0.004771931993587275,-0.0025028003336428073,220.75784606933593,220.33916854858398,229.04461791992188,0.008542658436441553,0.01962156522293862,0.003136401573659686,1
2025-04-02 00:00:00-04:00,220.3595869543347,224.21278818927524,220.06088576879955,222.91842651367188,35905900,0.003136401573659686,0.010653129474820444,221.22779541015626,219.74924011230468,229.0743783569336,0.01442183099130427,0.019660154857842962,-0.09245610055374764,0
2025-04-03 00:00:00-04:00,204.64805110026137,206.58960121618028,200.37667426890133,202.30825805664062,103419000,-0.09245610055374764,-0.09229399668217864,217.1137237548828,218.1492141723633,228.66826477050782,-0.07261523345762072,0.028138787720872256,-0.07288742279088833,0
2025-04-04 00:00:00-04:00,193.0486144227304,199.01262630823254,186.52703508606032,187.56253051757812,125910900,-0.07288742279088833,-0.1354749592515293,211.23534545898437,215.6257125854492,227.9706182861328,-0.1301476606448318,0.031187301577429598,-0.03673424992218577,0
2025-04-07 00:00:00-04:00,176.43103817745248,193.30748067285785,173.86223225537526,180.6725616455078,160466300,-0.03673424992218577,-0.18309092950013106,203.1366455078125,213.33469848632814,227.15267700195312,-0.15310278671293373,0.030555813897486055,-0.04981809555074146,0
2025-04-08 00:00:00-04:00,185.88983084847527,189.51403482217904,168.47573669018362,171.6717987060547,120859500,-0.04981809555074146,-0.22747422409646578,193.02671508789064,210.92420501708983,226.01388946533203,-0.1860972111183483,0.03154230009339499,0.15328838258086197,1
2025-04-09 00:00:00-04:00,171.20381523449285,199.7394480269994,171.14407803694525,197.98709106445312,184395900,0.15328838258086197,-0.11184062187739185,188.0404479980469,210.021639251709,225.23432098388673,-0.057301467744628784,0.04848772006488321,-0.042393760690519144,0
2025-04-10 00:00:00-04:00,188.24954112448538,193.93475416517637,182.20587449762067,189.5936737060547,121880000,-0.042393760690519144,-0.06284757959324727,185.49753112792968,209.0628189086914,224.2650033569336,-0.09312581406998013,0.04881458020265973,0.04059448165508006,1
2025-04-11 00:00:00-04:00,185.29243322025624,198.67409816298056,185.25259829067514,197.29013061523438,87435900,0.04059448165508006,0.05186323766699541,187.44305114746095,208.29914779663085,223.4848226928711,-0.052851954978447295,0.049594818768934935,0.022053958952809483,1
2025-04-14 00:00:00-04:00,210.52244846919626,212.01593914767514,200.28706023476008,201.6411590576172,101352900,0.022053958952809483,0.11605856042076401,191.63677062988282,207.7276382446289,222.82329010009767,-0.02930028588609871,0.04989268933587915,-0.0018763117439558608,0
2025-04-15 00:00:00-04:00,200.98403365195668,202.62686743682656,198.93297540670014,201.2628173828125,51343900,-0.0018763117439558608,0.17236971302097848,197.5549743652344,207.20242767333986,222.31312255859376,-0.028665736966611746,0.049881483454154725,-0.03893347667468283,0
2025-04-16 00:00:00-04:00,197.49920369317184,199.8290454554037,191.53519224238798,193.4269561767578,59732400,-0.03893347667468283,-0.023032485922078627,196.6429473876953,206.15847702026366,221.55095794677734,-0.06175598999140087,0.050458871273648946,0.013949748781774352,1
2025-04-17 00:00:00-04:00,196.34426016251078,197.96719174329118,193.5763250102755,196.12521362304688,52164700,0.013949748781774352,0.034450199678701665,197.94925537109376,205.30619201660156,220.8493231201172,-0.04471846807626867,0.05061486157352539,-0.019392898082992494,0
2025-04-21 00:00:00-04:00,192.43130060162235,192.958999427942,188.98630873883343,192.32177734375,46742500,-0.019392898082992494,-0.025182979280265805,196.95558471679686,204.0561393737793,220.05670043945312,-0.057505557372791984,0.05045339950605385,0.0340650587115201,1
2025-04-22 00:00:00-04:00,195.26892870764283,200.7151927551101,195.11958571249494,198.87322998046875,52976400,0.0340650587115201,-0.013727004397735665,196.4019989013672,203.01119384765624,219.5062991333008,-0.020382934501102963,0.05109176731232661,0.02433156893742483,1
2025-04-23 00:00:00-04:00,205.1060461943045,207.0973670311424,201.9199358938783,203.71212768554688,52929200,0.02433156893742483,0.012169710901321906,196.89186096191406,202.05784912109374,219.04730010986327,0.008187153192260913,0.051338220496865546,0.018426156726373488,1
2025-04-24 00:00:00-04:00,204.00086522918792,207.92376976062596,202.05933042602183,207.46575927734375,47311000,0.018426156726373488,0.07257935180325625,199.69962158203126,201.40270309448243,218.5644046020508,0.03010414502737336,0.051535157004356916,0.004367308117191548,1
2025-04-25 00:00:00-04:00,205.47445049920006,208.8397878176709,205.30519003897632,208.371826171875,38222300,0.004367308117191548,0.06244282579784022,202.14894409179686,200.67736358642577,218.01499908447266,0.03834245401642151,0.051476505673278855,0.004109299336489736,1
2025-04-28 00:00:00-04:00,209.088696522261,210.5821872117057,206.55972563953335,209.22808837890625,38743100,0.004109299336489736,0.08790637892732467,205.53020629882812,200.2910469055176,217.3899234008789,0.044620274403001606,0.051165895575823246,0.005091973641719871,1
2025-04-29 00:00:00-04:00,207.7844034400983,211.31900144522857,207.46578477039023,210.29347229003906,36827600,0.005091973641719871,0.0574247338904883,207.8142547607422,199.74741744995117,216.72502166748046,0.052796952144476744,0.050970936841435444,0.006107550737411316,1
2025-04-30 00:00:00-04:00,208.39173986928208,212.65316547487808,205.7731479657814,211.57785034179688,52286500,0.006107550737411316,0.03861195082303426,209.38739929199218,199.21523742675782,216.08839599609374,0.06205656291519472,0.05098020605523159,0.003858872869008989,1
2025-05-01 00:00:00-04:00,208.1726964341785,213.62891164873253,207.99346964638974,212.39430236816406,57365700,0.003858872869008989,0.023755934993743955,210.37310791015625,198.68903121948242,215.46013488769532,0.0689784990372321,0.050983732497219776,-0.03736168747193236,0
2025-05-02 00:00:00-04:00,205.19567188008233,206.0917754590827,201.2827333487594,204.45889282226562,101010600,-0.03736168747193236,-0.01877861043643103,209.59052124023438,198.79656295776368,214.65404846191407,0.02848303703170643,0.04713757398119735,-0.03145853051229541,0
2025-05-05 00:00:00-04:00,202.21865389928206,203.21431440062256,197.34987465543003,198.02691650390625,69018500,-0.03145853051229541,-0.05353569858514884,207.35028686523438,199.31978225708008,213.72489807128906,-0.006486389552173535,0.04453296730447418,-0.0019106338687361335,0
2025-05-06 00:00:00-04:00,197.3498735756035,199.77927242381972,196.16503515467957,197.6485595703125,51216500,-0.0019106338687361335,-0.060129839419297615,204.82130432128906,200.1685821533203,212.75731506347657,-0.012589501089024926,0.04354213969147632,-0.011384845754250583,0
2025-05-07 00:00:00-04:00,198.30568786560423,198.5745204381265,192.4113798882551,195.3983612060547,68536700,-0.011384845754250583,-0.07647061877982397,201.5854064941406,201.35491027832032,211.7459228515625,-0.029582338290296793,0.041791928741223894,0.006318550430994163,1
2025-05-08 00:00:00-04:00,196.86199326420865,199.18188402861682,193.83517686729027,196.63299560546875,50478900,0.006318550430994163,-0.07420776634287807,198.43314514160156,201.2872055053711,210.89224365234375,-0.023122234163950192,0.023826361624474695,0.005266114876452566,1
2025-05-09 00:00:00-04:00,198.13644922219603,199.66975978270045,196.68277813613466,197.66848754882812,36453900,0.005266114876452566,-0.03321159172734223,197.07506408691407,201.69094619750976,210.1202084350586,-0.019943674837751838,0.021655185534205958,0.0631461027687732,1
2025-05-12 00:00:00-04:00,210.32994399020487,210.62903686932515,206.12274573806786,210.15048217773438,63775800,0.0631461027687732,0.06122180705464331,199.4997772216797,202.33396377563477,209.5074072265625,0.03863176629489268,0.024192044184307822,0.010152317435524472,1
2025-05-13 00:00:00-04:00,209.79158118866218,212.75257189298435,208.36592688565332,212.28399658203125,51909300,0.010152317435524472,0.0740477797740402,202.42686462402344,202.86610565185546,209.01314575195312,0.046424171745762736,0.02385405982466167,-0.0028178056681582575,0
2025-05-14 00:00:00-04:00,211.78550901932945,213.29093762104833,209.94113079478424,211.68582153320312,49325800,-0.0028178056681582575,0.08335515316821263,205.68435668945312,203.387255859375,208.5487387084961,0.04080179772702125,0.023864791156040146,-0.0041444407073805145,0
2025-05-15 00:00:00-04:00,210.31001909194578,212.31393091132972,208.90429308394448,210.80850219726562,45029500,-0.0041444407073805145,0.07209118972198891,208.5194580078125,204.2563331604004,208.07056884765626,0.03207816832646199,0.021845517596361937,-0.0008985529779279577,0
2025-05-16 00:00:00-04:00,211.71574852428404,211.9251181254035,209.13360964796243,210.61907958984375,54737900,-0.0008985529779279577,0.06551672551152876,211.1095764160156,204.98102645874025,207.59677490234375,0.027505243916994257,0.021760899161433353,-0.011739147318159393,0
2025-05-19 00:00:00-04:00,207.27923550566183,208.84446444770495,203.64029993754312,208.14659118652344,46140500,-0.011739147318159393,-0.009535505084000473,210.70879821777345,205.77226715087892,206.99905548095703,0.011538600747901506,0.021395919265584925,-0.009196255872420789,0
2025-05-20 00:00:00-04:00,207.03996203611737,207.83753801206538,204.40797196423648,206.232421875,42496600,-0.009196255872420789,-0.02850697558208437,209.49848327636718,206.14022674560547,206.59384704589843,0.00044724472680580767,0.020377785659954906,-0.023059049776969598,0
2025-05-21 00:00:00-04:00,204.54755595275296,206.4118779017609,200.10109516487896,201.47689819335938,59211800,-0.023059049776969598,-0.04822676958665595,207.45669860839843,206.0284652709961,206.2257516479492,-0.0220919331299677,0.020401293818651595,-0.003612241451258269,0
2025-05-22 00:00:00-04:00,200.1010930441042,202.13489740214874,199.0941474443519,200.74911499023438,46742400,-0.003612241451258269,-0.04771812854881019,205.4448211669922,205.69263305664063,205.9199658203125,-0.02403352027218681,0.019922979822430697,-0.03024445941995524,0
2025-05-23 00:00:00-04:00,193.08241474951325,197.10018674879547,192.87306039619787,194.6775665283203,78432900,-0.03024445941995524,-0.07568883641770574,202.2565185546875,205.0079200744629,205.63811553955077,-0.05039002172399194,0.020871016200680083,0.025298413459567737,1
2025-05-27 00:00:00-04:00,197.6983910952664,200.1309909415137,196.83102019804124,199.60260009765625,56288500,0.025298413459567737,-0.041047951062579635,200.54772033691407,204.5266456604004,205.378896484375,-0.024075325475782318,0.021779032670675266,0.001048913414074315,1
2025-05-28 00:00:00-04:00,199.98144837254895,202.11495545301858,199.29353925378823,199.8119659423828,45339700,0.001048913414074315,-0.031132136616757067,199.2636291503906,204.00257034301757,205.11370880126952,-0.020541919612034863,0.02172717827326411,-0.0023451919403290056,0
2025-05-29 00:00:00-04:00,202.96236033905296,203.19165828241367,197.90773491315443,199.34336853027344,51396800,-0.0023451919403290056,-0.010589450613034401,198.83692321777343,203.3908462524414,204.86523559570313,-0.01989999941857946,0.02163640294685117,0.004501243745582917,1
2025-05-30 00:00:00-04:00,198.7651407343476,201.3472946799051,196.18300200128658,200.24066162109375,70819900,0.004501243745582917,-0.002532780127899259,198.7352325439453,202.78316421508788,204.58392944335938,-0.012538035905669908,0.02164721057491945,0.004231968185255619,1
2025-06-02 00:00:00-04:00,199.67238359256916,201.51677709467234,199.51286535414474,201.08807373046875,35423300,0.004231968185255619,0.03292884391595208,200.017333984375,202.61462326049804,204.34227264404296,-0.00753425150398265,0.020085849744461957,0.007783885702387527,1
2025-06-03 00:00:00-04:00,200.73914706631285,203.1518034040851,200.35033086337637,202.6533203125,46381600,0.007783885702387527,0.015283970315773221,200.62747802734376,202.84594345092773,204.04888244628907,-0.0009496031084019857,0.018792151256357942,-0.002213824650510565,0
2025-06-04 00:00:00-04:00,202.29440469878628,205.6143037964219,201.48686455307688,202.20468139648438,43604000,-0.002213824650510565,0.011974835655195637,201.10602111816405,203.07374954223633,203.69753326416014,-0.004279569110783567,0.018795016414149716,-0.010797795842732771,0
2025-06-05 00:00:00-04:00,202.8826044104843,204.12881205428334,199.54276184010462,200.0213165283203,55126100,-0.010797795842732771,0.0034009056987713837,201.24161071777343,203.3048973083496,203.24237915039063,-0.016151016642993784,0.018774603417627562,0.01639832241390904,1
2025-06-06 00:00:00-04:00,202.3841235560851,205.07592905349443,201.4370087789868,203.30133056640625,46607700,0.01639832241390904,0.015284952219664971,201.85374450683594,203.6383140563965,202.89703216552735,-0.0016548137886120981,0.019048743816225747,-0.012112607174841306,0
2025-06-09 00:00:00-04:00,203.76990423179717,205.3750202901374,199.41316716451473,200.8388214111328,72862600,-0.012112607174841306,-0.0012395181609329287,201.80389404296875,203.7968307495117,202.45623626708985,-0.01451450117011198,0.019279116148844578,0.006056142857262303,1
2025-06-10 00:00:00-04:00,199.99141796230995,203.73004106569937,199.96151019448254,202.0551300048828,54672600,0.006056142857262303,-0.0029517912990261186,201.68425598144532,203.39206314086914,202.1582504272461,-0.006573182430724298,0.012688421231326309,-0.019193793028711492,0
2025-06-11 00:00:00-04:00,202.88260699920767,203.8795731269679,197.80805305990708,198.1769256591797,60989900,-0.019193793028711492,-0.01991920122465929,200.8787048339844,202.68670959472655,201.69846771240233,-0.02225002292732566,0.01291782203530816,0.0021129184846335747,1
2025-06-12 00:00:00-04:00,198.47602627663701,199.07419684911244,196.7612432530472,198.5956573486328,43904600,0.0021129184846335747,-0.007127536226798292,200.59357299804688,202.03220138549804,201.22595184326173,-0.017009882648894928,0.012975492669441502,-0.013805203391582088,0
2025-06-13 00:00:00-04:00,199.12405177447246,199.76210952406473,195.1062792678608,195.85400390625,51447300,-0.013805203391582088,-0.03663196221789433,199.10410766601564,201.28447647094725,200.68466339111328,-0.026979092774107052,0.013194152420978291,0.010027978679112204,1
2025-06-16 00:00:00-04:00,196.701426450214,198.08720880439395,195.96366601516638,197.81802368164062,43020700,0.010027978679112204,-0.015040905479665079,198.49994812011718,200.6444236755371,200.59485870361328,-0.014086611240524958,0.013533289467024303,-0.014010657964138473,0
2025-06-17 00:00:00-04:00,196.60172782081946,197.7881200100286,194.61777485692886,195.0464630126953,38856200,-0.014010657964138473,-0.03468690447017175,197.09821472167968,199.9894172668457,200.74453735351562,-0.0247160790891,0.01361936924979751,0.004804669485349855,1
2025-06-18 00:00:00-04:00,195.34553910938874,196.97059871241268,194.4781834746436,195.9835968017578,45394700,0.004804669485349855,-0.011067528927126036,196.6595489501953,199.4769760131836,201.05075805664063,-0.017512693851920513,0.013652374462142458,0.022484617502937843,1
2025-06-20 00:00:00-04:00,197.63859168364695,201.0880863339216,196.26277341287403,200.3902130126953,96813500,0.022484617502937843,0.009036228123116441,197.01846008300782,199.4226417541504,201.62512634277343,0.00485186260714443,0.01383215917448107,0.002487441151994396,1
2025-06-23 00:00:00-04:00,201.01828233775666,201.686247808318,198.3563846401482,200.888671875,55814300,0.002487441151994396,0.025706229478770215,198.0253936767578,199.42961959838868,201.68315795898437,0.0073161262582236075,0.01381972363127934,-0.0059553649555199595,0
2025-06-24 00:00:00-04:00,201.9753521214132,202.82277936444737,199.59260382672892,199.6923065185547,54064000,-0.0059553649555199595,0.009474782944604021,198.40025024414064,199.68035659790038,201.88513061523437,5.98452489664084e-05,0.01195132166087358,0.00629057689537782,1
2025-06-25 00:00:00-04:00,200.83881944772682,203.052085424857,200.01133575244882,200.948486328125,39525700,0.00629057689537782,0.030259576227462892,199.58065490722657,199.74765090942384,201.9582977294922,0.006011762407387123,0.010628386492456409,-0.002778191195320079,0
2025-06-26 00:00:00-04:00,200.81890119127095,202.02523702778157,198.85489170599743,200.3902130126953,50799100,-0.002778191195320079,0.022484617502937843,200.46197814941405,199.77656326293945,201.93327880859374,0.0030716803799863105,0.010650322744624996,0.00039801190502575245,1
2025-06-27 00:00:00-04:00,201.27751091280393,202.6034778198992,199.39324535272064,200.469970703125,73188600,0.00039801190502575245,0.00039801190502575245,200.4779296875,199.83289337158203,201.917421875,0.0031880503794655393,0.010633492471317592,0.02034000608920694,1
2025-06-30 00:00:00-04:00,201.39711462840114,206.76079706763053,198.65545787730727,204.5475311279297,91912800,0.02034000608920694,0.01821336772641091,201.20970153808594,200.04823684692383,202.13983337402342,0.022491046919092334,0.01151345909720724,0.012916230362977066,1
2025-07-01 00:00:00-04:00,206.04299395149746,209.55231908550664,205.51460310500556,207.18951416015625,78788900,0.012916230362977066,0.037543798117755545,202.70914306640626,200.3533088684082,202.36111938476563,0.034120750639751445,0.011796969879108015,0.02223072103194701,1
2025-07-02 00:00:00-04:00,208.2761972389462,212.69274987948137,207.5085290616707,211.7954864501953,67941800,0.02223072103194701,0.05397900885084783,204.8785430908203,200.81041717529297,202.75059356689454,0.05470368235584697,0.012612148844386882,0.005224985841371987,1
2025-07-03 00:00:00-04:00,211.50635319299207,213.99876845669687,211.16738836812712,212.90211486816406,34955800,0.005224985841371987,0.06243768928313931,207.38092346191405,201.34528884887695,203.03117126464844,0.05739804534468786,0.012582175569693835,-0.016857820101882415,0
2025-07-07 00:00:00-04:00,212.03476276559877,215.57399579559095,208.16654427869605,209.31304931640625,50229000,-0.016857820101882415,0.04411173694626269,209.1495391845703,201.80987548828125,203.14318969726563,0.037179418549121976,0.012989589873385596,0.00028569262418765007,1
2025-07-08 00:00:00-04:00,209.46258702266434,210.78853856973336,207.81758380403343,209.3728485107422,42848900,0.00028569262418765007,0.023590201046203907,210.1146026611328,202.11345138549805,203.1813314819336,0.03591743684292459,0.012565365215594716,0.005380768910944633,1
2025-07-09 00:00:00-04:00,208.8943192909964,210.6888614301138,206.59132988433592,210.4994354248047,48749400,0.005380768910944633,0.015975331947011062,210.7765869140625,202.59648208618165,203.22388366699218,0.039008344356449544,0.012166997089533295,0.006014951043801897,1
2025-07-10 00:00:00-04:00,209.87133445003573,212.83232507172787,209.39279496736208,211.7655792236328,44443600,0.006014951043801897,-0.000141208044910468,210.77060546875,203.08200454711914,203.27463348388673,0.04275895688482288,0.012166353002631384,-0.00588481171535149,0
2025-07-11 00:00:00-04:00,209.931172276849,211.48643705736623,209.2233196075129,210.51937866210938,39765800,-0.00588481171535149,-0.011191698154478957,210.29405822753907,203.69912719726562,203.27915161132813,0.03348198668636859,0.011251531137010143,-0.012028907416161583,0
2025-07-14 00:00:00-04:00,209.29308368901172,210.27012140888866,206.9103353456299,207.987060546875,38840100,-0.012028907416161583,-0.006334955101279127,210.02886047363282,204.16869735717773,203.2073358154297,0.018702001037001904,0.011749218191590296,0.0023488258805162143,1
2025-07-15 00:00:00-04:00,208.5852528191871,211.24715053377864,208.28615994072268,208.4755859375,42296300,0.0023488258805162143,-0.004285477222210843,209.8494079589844,204.79977645874024,203.1289614868164,0.017948308061265402,0.011116337859718673,0.0050212784395655685,1
2025-07-16 00:00:00-04:00,209.6619745482938,211.75559423754484,208.00700716596054,209.52239990234375,47490500,0.0050212784395655685,-0.004641511367900808,209.65400085449218,205.3849952697754,203.23023162841798,0.02014462949025961,0.011010015691467985,-0.0006661442577010623,0
2025-07-17 00:00:00-04:00,209.93116216460888,211.15742622671814,208.95412441878605,209.38282775878906,48068100,-0.0006661442577010623,-0.011251835513492403,209.17745056152344,206.10181350708007,203.45734985351564,0.015919385646726906,0.010311159512047773,0.005523274731814354,1
2025-07-18 00:00:00-04:00,210.23024956462245,211.1474566075158,209.06380098140497,210.539306640625,48974600,0.005523274731814354,9.466101715793762e-05,209.18143615722656,206.82959899902343,203.71516479492186,0.017936057796152687,0.010316818159910325,0.006155862513610666,1
2025-07-21 00:00:00-04:00,211.45652088357517,215.12534891613055,210.98794558852114,211.83535766601562,51377400,0.006155862513610666,0.01850257948269496,209.9510955810547,207.40185623168946,204.0439047241211,0.02137638261720029,0.009347494990756005,0.009036118108957769,1
2025-07-22 00:00:00-04:00,212.49335516085276,214.29786137817433,211.58611235366487,213.74952697753906,46404100,0.009036118108957769,0.02529764344502272,211.0058837890625,208.0448989868164,204.3862353515625,0.02742017717571702,0.009449287990938504,-0.0011660239162684105,0
2025-07-23 00:00:00-04:00,214.3477172095632,214.4972560435483,211.76557859278188,213.5002899169922,46989300,-0.0011660239162684105,0.01898551189038744,211.80146179199218,208.73529815673828,204.7028713989258,0.02282791555779846,0.009265292377591243,-0.0018211179209767225,0
2025-07-24 00:00:00-04:00,213.25105536667797,215.03563331063384,212.8821827557749,213.11148071289062,46022600,-0.0018211179209767225,0.01780782595216923,212.5471923828125,209.34344787597655,204.7620913696289,0.01799928717686167,0.0093090442712416,0.0005613442591165807,1
2025-07-25 00:00:00-04:00,214.0486138925591,214.58698409364732,212.75255494872997,213.23110961914062,40268800,0.0005613442591165807,0.012785275212815028,213.08555297851564,209.98549270629883,204.7810336303711,0.015456386396089542,0.009229867674528283,0.0007949585217563726,1
2025-07-28 00:00:00-04:00,213.38067592321022,214.1981955143971,212.41361748607306,213.40061950683594,37858000,0.0007949585217563726,0.007389049014603799,213.3986053466797,210.63202514648438,204.81532958984374,0.013144223241580351,0.009224061972686699,-0.012987665800312187,0
2025-07-29 00:00:00-04:00,213.53020352524888,214.1582970701604,210.18041185237743,210.62904357910156,51411700,-0.012987665800312187,-0.014598785047909901,212.77450866699218,210.93610076904298,204.81174041748048,-0.0014556881862418563,0.008965845739238053,-0.010507842595346095,0
2025-07-30 00:00:00-04:00,211.2571312800854,211.74565019362484,207.08981987426867,208.41578674316406,45512500,-0.010507842595346095,-0.023814970817158887,211.75760803222656,210.99741439819337,204.76767456054688,-0.01223535208899419,0.008926478391774533,-0.0070797175463588324,0
2025-07-31 00:00:00-04:00,207.85746883247032,209.2033639475293,206.5315020865265,206.9402618408203,80698400,-0.0070797175463588324,-0.028957702566875465,210.5233642578125,210.7546531677246,204.74354797363281,-0.01809872887536525,0.00742129535154381,-0.02500361855671096,0
2025-08-01 00:00:00-04:00,210.23023901853355,212.93202387361222,200.88867142379772,201.76600646972656,104434500,-0.02500361855671096,-0.05376843543089127,208.2303436279297,210.19784774780274,204.65421966552734,-0.04011383260304728,0.008974100457043738,0.004793035011813274,1
2025-08-04 00:00:00-04:00,203.8895472057539,207.24933356384108,201.06813110178,202.7330780029297,75109300,0.004793035011813274,-0.04998833428205929,206.09683532714843,209.8688491821289,204.67934326171874,-0.03400109738538015,0.008460419364207718,-0.0021146570738387327,0
2025-08-05 00:00:00-04:00,202.78290655256814,204.71702329589334,201.54667827641916,202.3043670654297,44155100,-0.0021146570738387327,-0.03952292795055845,204.43190002441406,209.5154251098633,204.71044830322265,-0.034417790674134606,0.008449855374834968,0.050906762062084,1
2025-08-06 00:00:00-04:00,205.00615029681612,214.72657006985978,204.96626313259566,212.60302734375,108483100,0.050906762062084,0.020090803417621927,205.26934814453125,209.62060470581054,205.06895751953124,0.014227716984812198,0.014452499929579157,0.03179366736256095,1
2025-08-07 00:00:00-04:00,218.2159523061407,220.1799768073744,215.92292715514498,219.36245727539062,90224800,0.03179366736256095,0.060027929432724614,207.7537872314453,210.00044860839844,205.46415466308594,0.0445808984172702,0.016025283895589174,0.042357829341927555,1
2025-08-08 00:00:00-04:00,220.16001960779298,230.29916273925562,218.58481138779996,228.6541748046875,113854000,0.042357829341927555,0.13326411522644332,213.1314208984375,210.90718841552734,206.04099884033204,0.08414595312036123,0.01826820579177981,-0.008337359560309343,0
2025-08-11 00:00:00-04:00,227.48640043221798,229.12327986736793,224.3324083989562,226.747802734375,61806100,-0.008337359560309343,0.11845489136754628,217.93436584472656,211.84522552490233,206.58908752441405,0.07034653328885562,0.018112569524155995,0.010872438382831362,1
2025-08-12 00:00:00-04:00,227.57622481823222,230.36092560837628,226.63802588155738,229.21310424804688,55626200,0.010872438382831362,0.13301115330799718,223.31611328125,212.8821014404297,207.1685363769531,0.07671383689430109,0.01815999011559446,0.016024473911425474,1
2025-08-13 00:00:00-04:00,230.6304284784954,234.55294488479396,229.99163136972763,232.88612365722656,69878500,0.016024473911425474,0.09540361003741293,227.37273254394532,214.05028762817383,207.80449737548827,0.0879972469916621,0.018329526896604786,-0.0023572269806403368,0
2025-08-14 00:00:00-04:00,233.6147219132583,234.67270293292236,230.41083714463488,232.337158203125,51916300,-0.0023572269806403368,0.059147317589744786,229.9676727294922,215.19800415039063,208.39817413330078,0.0796436478135583,0.01836312822690083,-0.005112157477567991,0
2025-08-15 00:00:00-04:00,233.5548328767578,233.834298979768,228.9036945156081,231.1494140625,56038700,-0.005112157477567991,0.010912721186673746,230.4667205810547,216.22850952148437,208.9770687866211,0.06900526010208241,0.018511915028902502,-0.0030225219373292145,0
2025-08-18 00:00:00-04:00,231.25921652669462,232.67651332576617,229.672244959047,230.4507598876953,37476200,-0.0030225219373292145,0.016330730038686125,231.20731201171876,217.15927963256837,209.5856576538086,0.06120613531973403,0.01859118769304421,-0.001429269406026834,0
2025-08-19 00:00:00-04:00,230.84001516813981,232.42698672077375,228.9136940815642,230.1213836669922,39402600,-0.001429269406026834,0.003962598132968953,231.38896789550782,217.977872467041,210.12205871582032,0.055709834500689136,0.018600561738083252,-0.019734590701623533,0
2025-08-20 00:00:00-04:00,229.54248102593337,230.0315543310328,225.3404986724704,225.5800323486328,42263900,-0.019734590701623533,-0.031371947773699116,229.92774963378906,218.58185958862305,210.6168829345703,0.03201625593807517,0.019314266442125264,-0.004911248691371939,0
2025-08-21 00:00:00-04:00,225.83955683035407,226.08908123987146,223.35428822884654,224.47215270996094,30621200,-0.004911248691371939,-0.03385169016437717,228.35474853515626,219.14989318847657,211.06522338867188,0.024285932537083374,0.0193665616458926,0.012716736522523586,1
2025-08-22 00:00:00-04:00,225.73973438952316,228.65417758009713,224.98118568943215,227.3267059326172,42477800,0.012716736522523586,-0.016537823145202468,227.5902069091797,219.85467300415038,211.64821899414062,0.033986236573310166,0.019483802453500565,-0.002634365777127168,0
2025-08-25 00:00:00-04:00,226.04912998143794,228.86377239669042,225.79960559269966,226.72784423828125,30983100,-0.002634365777127168,-0.01615492893678605,226.8456237792969,220.52103424072266,212.2108627319336,0.028146113221939575,0.01952282876424812,0.009464738691509877,1
2025-08-26 00:00:00-04:00,226.43840339540802,229.0534295301293,224.26255788237486,228.87376403808594,54575100,0.009464738691509877,-0.005421571907075262,226.59609985351562,221.4332702636719,212.8712579345703,0.03360151690644444,0.01918490971007101,0.005145914812595631,1
2025-08-27 00:00:00-04:00,228.17510050695543,230.46073738560713,227.82576024347395,230.05152893066406,31259500,0.005145914812595631,0.019822218019370563,227.4903991699219,222.5150573730469,213.51592803955077,0.03386949021154226,0.018864158954093567,0.008980837064874514,1
2025-08-28 00:00:00-04:00,230.3809040856524,232.9659733126178,228.90370861616245,232.11758422851562,38074700,0.008980837064874514,0.03405959904716238,229.0194854736328,223.77392349243163,214.2573504638672,0.037286117193034714,0.018658351371524662,-0.0018060015285242814,0
2025-08-29 00:00:00-04:00,232.0676707602769,232.9360260407387,230.92984008944924,231.69837951660156,39418400,-0.0018060015285242814,0.019230796338025602,229.8938201904297,225.2705421447754,214.97164611816407,0.02853385671569597,0.017306924743958913,-0.010424716908628007,0
2025-09-02 00:00:00-04:00,228.81388239599917,230.4108447009183,226.53822101083426,229.28298950195312,44075600,-0.010424716908628007,0.01126965800012858,230.40484924316405,226.59803771972656,215.54950164794923,0.011848963076844965,0.017741810016761936,0.03808984120498149,1
2025-09-03 00:00:00-04:00,236.75874463665696,238.395624134605,233.9141603097862,238.01634216308594,66427800,0.03808984120498149,0.03994594209355773,232.23336486816407,228.38363647460938,216.29205505371092,0.04217774021453363,0.018971040550950592,0.005493299768011717,1
2025-09-04 00:00:00-04:00,237.99636566705198,239.44360411673358,236.28962732845326,239.32383728027344,47549400,0.005493299768011717,0.040305354164388074,234.08782653808595,229.71967697143555,217.08468566894533,0.04180817436040587,0.01610848195320104,-0.0003753428502223377,0
2025-09-05 00:00:00-04:00,239.54341659874092,240.86091270031892,238.03629475202086,239.2340087890625,54870400,-0.0003753428502223377,0.03065870508776647,235.5111114501953,230.71325454711913,217.85039611816407,0.036932226796719,0.014969328084825052,-0.007551389041256629,0
2025-09-08 00:00:00-04:00,238.84475646782593,239.69313028194867,235.89038089866295,237.42745971679688,48999500,-0.007551389041256629,0.024726457785971823,236.65692749023438,231.15191879272462,218.5911410522461,0.027148989101403814,0.012225996289113177,-0.014839416284502027,0
2025-09-09 00:00:00-04:00,236.54912730927947,238.3257397896772,232.9160527142261,233.9041748046875,66313900,-0.014839416284502027,0.020154941772054125,237.58116455078124,231.50973739624024,219.25982513427735,0.01034270711624135,0.012594956159322393,-0.03225946602106422,0
2025-09-10 00:00:00-04:00,231.7482872752143,231.97784546194652,225.52015268533836,226.35855102539062,83440800,-0.03225946602106422,-0.04897895258682505,235.24960632324218,231.36700973510742,219.69604553222655,-0.021647246577854752,0.014480545357138412,0.014286365271970913,1
2025-09-11 00:00:00-04:00,226.44839058875493,230.01159113632517,226.21881717306923,229.59239196777344,50208600,0.014286365271970913,-0.0406622483706186,233.30331726074218,231.20232315063475,220.1441030883789,-0.006963300199247573,0.014380854978995697,0.017562943095258854,1
2025-09-12 00:00:00-04:00,228.78393068206054,234.06386022938602,228.58431421011397,233.6247100830078,55824200,0.017562943095258854,-0.02344691181010361,232.18145751953125,231.2667007446289,220.58068756103515,0.010196060785174108,0.014932995135282689,0.01123590368620797,1
2025-09-15 00:00:00-04:00,236.54912714503797,237.7368657054393,234.58287368836292,236.24969482421875,42699500,0.01123590368620797,-0.0049605251809666795,231.94590454101564,231.52171478271484,221.04763916015625,0.020421324392578738,0.01506328880677647,0.006125935389198034,1
2025-09-16 00:00:00-04:00,236.72878926810645,240.76111223381088,235.87043992435724,237.6969451904297,63421100,0.006125935389198034,0.01621506067135914,232.70445861816407,231.88402404785157,221.61531707763672,0.025068226094690185,0.01506723860911319,0.003527220020250743,1
2025-09-17 00:00:00-04:00,238.5153883976145,239.6432435766681,237.27774187166392,238.5353546142578,46508000,0.003527220020250743,0.053794316732047376,235.1398193359375,232.30472259521486,222.19856719970704,0.02682094427283632,0.015054563677730873,-0.004644573125239804,0
2025-09-18 00:00:00-04:00,239.5134800259323,240.74113579799257,236.199788714976,237.42745971679688,44249600,-0.004644573125239804,0.03412599033387487,236.7068328857422,232.89709396362304,222.73712768554688,0.019452221047813727,0.01427070558231344,0.03203293872010393,1
2025-09-19 00:00:00-04:00,240.77107799962133,245.83144010441063,239.7530294205925,245.032958984375,163741300,0.03203293872010393,0.048831516569089795,238.9884826660156,233.92513427734374,223.4024752807617,0.04748452850672181,0.015571011868161877,0.04309567281585802,1
2025-09-22 00:00:00-04:00,247.82763635806887,256.15178189089505,247.64797087114997,255.5928192138672,105517400,0.04309567281585802,0.08187576455512735,242.85710754394532,235.33843994140625,224.30394409179686,0.08606489988419998,0.017744164315715204,-0.006443258425658294,0
2025-09-23 00:00:00-04:00,255.39322235208516,256.8504363399061,253.0975947938589,253.9459686279297,60275200,-0.006443258425658294,0.0683602535341048,246.1069122314453,236.69934616088867,225.22312225341796,0.07286299158307853,0.01786204718302572,-0.008332350414175016,0
2025-09-24 00:00:00-04:00,254.73446948849343,255.2534845023776,250.56241362070242,251.8300018310547,42303700,-0.008332350414175016,0.05573449369086614,248.76584167480468,237.8471580505371,226.09021057128905,0.05878919847150979,0.018113239288342353,0.018072966979806315,1
2025-09-25 00:00:00-04:00,252.72829161839874,256.6807646844572,251.2311452680336,256.3813171386719,55202100,0.018072966979806315,0.07983009818865572,252.55661315917968,239.1636474609375,227.02738891601564,0.07199116529842403,0.018349883933913035,-0.005489100657377954,0
2025-09-26 00:00:00-04:00,253.61660096533106,257.10994249251326,253.2972024297037,254.97401428222656,46076300,-0.005489100657377954,0.04057027813342229,254.54482421875,240.30646896362305,227.93921264648438,0.061036830934517415,0.018493905068713387,-0.004031962461707783,0
2025-09-29 00:00:00-04:00,254.0757261912774,254.5148915782133,252.52867184357527,253.9459686279297,40127700,-0.004031962461707783,-0.006443258425658294,254.2154541015625,241.41884841918946,228.80734588623048,0.051889569893849664,0.018542816308895694,0.0007861150085717306,1
2025-09-30 00:00:00-04:00,254.37515755125318,255.4331385813304,252.6284867333586,254.14559936523438,37704300,0.0007861150085717306,0.0007861150085717306,254.25538024902343,242.6619789123535,229.65355072021484,0.04732352593658116,0.018226489507384862,0.0032203416899190263,1
2025-10-01 00:00:00-04:00,254.55481135314994,258.29769267334166,254.44502000530687,254.9640350341797,48713900,0.0032203416899190263,0.012445035064676313,254.88218688964844,243.5093635559082,230.47784088134765,0.047039963108611874,0.01651386084459551,0.00657662791005964,1
2025-10-02 00:00:00-04:00,256.09186667190835,257.68882891050583,253.66649683440303,256.6408386230469,42630200,0.00657662791005964,0.0010122480345735596,254.93409118652343,244.37521362304688,231.34065185546876,0.050191771981097665,0.016522263381957072,0.003461279462880995,1
2025-10-03 00:00:00-04:00,254.18552630266564,258.7468246365968,253.46689477740222,257.5291442871094,49155600,0.003461279462880995,0.01002113886811462,255.4451171875,245.28997039794922,232.22900512695313,0.049896756354545525,0.016495589658004628,-0.005154694760991507,0
2025-10-06 00:00:00-04:00,257.49917477533796,258.57713717661323,254.56478079871025,256.20166015625,44664100,-0.005154694760991507,0.008882564824745254,255.89625549316406,246.2286804199219,233.0884161376953,0.04050291671676936,0.01641715447880983,-0.0008179658510275578,0
2025-10-07 00:00:00-04:00,256.32145476920215,256.9103287268919,254.94407514023973,255.99209594726562,31955800,-0.0008179658510275578,0.007265506806504396,256.2655548095703,247.33307647705078,233.9402456665039,0.0350095490403132,0.015863053252548838,0.0061603302390016434,1
2025-10-08 00:00:00-04:00,256.03201279963565,258.0282082133661,255.62278908467795,257.569091796875,36496900,0.0061603302390016434,0.010217349918964391,256.78656616210935,248.893603515625,234.87904663085936,0.034856212287936054,0.013274406440653459,-0.01557791778791151,0
2025-10-09 00:00:00-04:00,257.3195337882977,257.50917476461467,252.65841993311406,253.55670166015625,38322000,-0.01557791778791151,-0.012017327325759664,256.16973876953125,250.09181900024413,235.78186492919923,0.013854442235508465,0.014018551920250066,-0.034522045132806656,0
2025-10-10 00:00:00-04:00,254.45500785015722,255.8922708493858,243.53581752909898,244.80340576171875,61999100,-0.034522045132806656,-0.049414750942530894,253.6245910644531,250.6507537841797,236.53912780761718,-0.023328667215961173,0.01623757101099402,0.009744359001401026,1
2025-10-13 00:00:00-04:00,248.90558714178317,249.2149949644775,245.09284695690994,247.18885803222656,38142900,0.009744359001401026,-0.03517854692482003,251.82203063964843,251.19771194458008,237.4475848388672,-0.015958958707545712,0.016198540951668422,0.0004441421356069508,1
2025-10-14 00:00:00-04:00,246.13087266264282,248.37659224814226,244.23447809703134,247.29864501953125,35478000,0.0004441421356069508,-0.03395984120355511,250.08334045410157,251.67779693603515,238.33889617919922,-0.01739983411256925,0.01617937467585202,0.006336535331355142,1
2025-10-15 00:00:00-04:00,249.01538540478128,251.3409547309234,246.99922390992754,248.86566162109375,33893600,0.006336535331355142,-0.033790662206647726,248.3426544189453,252.19431228637694,239.2701220703125,-0.01319875390965746,0.016204543578735152,-0.0075799863393841704,0
2025-10-16 00:00:00-04:00,247.77774448085987,248.56623493239263,244.66368465033412,246.97926330566406,39777000,-0.0075799863393841704,-0.025940700093614488,247.02716674804688,252.67190246582032,239.95764678955078,-0.02252976727765099,0.016283339637173145,0.01955939420116093,1
2025-10-17 00:00:00-04:00,247.5481624372989,252.89796599708643,246.79958926324147,251.81002807617188,49147000,0.01955939420116093,0.028621424986517763,248.4284912109375,253.01075592041016,240.6065982055664,-0.004745758099770276,0.01528474228340918,0.0394388237214669,1
2025-10-20 00:00:00-04:00,255.4032084113237,263.87706298772724,255.14370850365398,261.7411193847656,90483000,0.0394388237214669,0.05887102464238847,251.3389434814453,253.31817092895508,241.26833709716797,0.03325047084037575,0.014773998438694258,0.002020932679144938,1
2025-10-21 00:00:00-04:00,261.3817895915523,264.7853058703715,261.3318664386604,262.27008056640625,46695900,0.002020932679144938,0.06053990124245345,254.3332305908203,253.7343765258789,241.9787826538086,0.033640313769848114,0.014661540655989118,-0.016440064574789193,0
2025-10-22 00:00:00-04:00,262.15033525743416,262.349966966352,254.94406918261987,257.9583435058594,45015300,-0.016440064574789193,0.03653650658566754,256.1517669677734,254.04079360961913,242.55368743896486,0.015420948110641982,0.015060645670233982,0.004372053262009956,1
2025-10-23 00:00:00-04:00,259.4454820834593,260.12418111371363,257.51916110368444,259.0861511230469,32754900,0.004372053262009956,0.04901985557548283,258.57314453125,254.1760353088379,243.07768798828124,0.01931777639163707,0.014561380756157335,0.012481897255921526,1
2025-10-24 00:00:00-04:00,260.69313376057823,263.62754335723145,258.68694768993146,262.3200378417969,38253700,0.012481897255921526,0.04173785232431548,260.675146484375,254.5433364868164,243.67734558105468,0.03055158096972322,0.014717847015236315,0.022791155068992097,1
2025-10-27 00:00:00-04:00,264.37609822840903,268.60802232244004,264.1465248140549,268.2986145019531,44888200,0.022791155068992097,0.025053362393349543,261.9866455078125,255.26096878051757,244.42032958984376,0.051075751156636026,0.015391623525499235,0.0007068103233436318,1
2025-10-28 00:00:00-04:00,268.4782600095115,269.3765722048576,267.63986169210665,268.4882507324219,41534800,0.0007068103233436318,0.023709033651824418,263.23027954101565,255.97810134887695,245.1810794067383,0.04887195161469938,0.015392197504072976,0.0026022346664624774,1
2025-10-29 00:00:00-04:00,268.76770579477784,270.8936584399069,266.6018207191691,269.1869201660156,51086700,0.0026022346664624774,0.04352864306519777,265.4759948730469,256.6892456054687,245.96239013671874,0.04868795547342805,0.015392058770031955,0.006303229091240592,1
2025-10-30 00:00:00-04:00,271.4725408872279,273.6184749716116,267.969239224885,270.8836669921875,69886500,0.006303229091240592,0.04553510798629179,267.835498046875,257.4013870239258,246.86846282958984,0.05237842780935952,0.015388677415465783,-0.003795042898427692,0
2025-10-31 00:00:00-04:00,276.4630533049319,276.79244258078194,268.647962249571,269.85565185546875,86167100,-0.003795042898427692,0.028726795237108638,269.3426208496094,258.01771240234376,247.7761328125,0.04588033644242734,0.015458060189874476,-0.004882257880291285,0
2025-11-03 00:00:00-05:00,269.90556627002525,270.33474092754267,265.74348587775046,268.53814697265625,50194600,-0.004882257880291285,0.0008927831071650072,269.39052734375,258.63453674316406,248.6003616333008,0.03829190932581029,0.015451121170421082,0.003679658451690937,1
2025-11-04 00:00:00-05:00,267.8195068636227,270.9734988318123,267.11086611942017,269.5262756347656,49274800,0.003679658451690937,0.003866183713857385,269.59813232421874,259.3112457275391,249.45633026123048,0.03939293060185899,0.015433509161695343,0.0003703646251622672,1
2025-11-05 00:00:00-05:00,268.0989800730272,271.18312844251227,266.4221834255846,269.6260986328125,43683100,0.0003703646251622672,0.001631500024317667,269.68596801757815,259.9140960693359,250.271376953125,0.0373662017964803,0.015419327998075407,-0.0013697625428008564,0
2025-11-06 00:00:00-05:00,267.38037702601645,272.8798740142925,267.38037702601645,269.25677490234375,51204000,-0.0013697625428008564,-0.006005870002825486,269.3605895996094,260.6990997314453,251.0554818725586,0.03282587158802616,0.014864639647499876,-0.0048188791892468386,0
2025-11-07 00:00:00-05:00,269.28671541495146,271.7719991063764,266.26248096015127,267.9592590332031,48227400,-0.0048188791892468386,-0.007027434145723599,268.98131103515624,261.85689239501954,251.77231536865236,0.02330420475997235,0.012140817816739464,0.004548721603090611,1
2025-11-10 00:00:00-05:00,268.7085692371889,273.4741297822401,267.20997142836535,269.1781311035156,41312400,0.004548721603090611,0.0023832149661944246,269.10930786132815,262.956356048584,252.52191040039062,0.02366086581220384,0.012080345674292609,0.02160110352909128,1
2025-11-11 00:00:00-05:00,269.55775905965567,275.65206242273547,269.5477586519058,274.99267578125,46208300,0.02160110352909128,0.02028151108314158,270.202587890625,264.34105758666993,253.43610412597656,0.0402949821409703,0.012634978545407089,-0.0064667915516215535,0
2025-11-12 00:00:00-05:00,274.74292397164845,275.4722525277038,271.4460210796085,273.21435546875,48398000,-0.0064667915516215535,0.013308269689515928,270.9202392578125,265.55849227905276,254.14006439208984,0.02882929152065056,0.012906271001531546,-0.0019014401037990014,0
2025-11-13 00:00:00-05:00,273.85374352181776,276.4413491841305,271.83564282199285,272.6948547363281,49602800,-0.0019014401037990014,0.012768777443878054,271.60785522460935,266.8442718505859,254.80748474121094,0.02192508328984523,0.012681099501870312,-0.00197847614027602,0
2025-11-14 00:00:00-05:00,270.7965900477885,275.70200347225597,269.3479639093673,272.15533447265625,47431300,-0.00197847614027602,0.015659378424140113,272.4470703125,267.86153717041014,255.46591125488283,0.01602991361732702,0.01229174353165271,-0.01817114312581336,0
2025-11-17 00:00:00-05:00,268.5687054184609,270.2371271729127,265.48159771217263,267.2099609375,45018300,-0.01817114312581336,-0.007311775878474869,272.0534362792969,268.1349792480469,256.0615612792969,-0.0034498233432317576,0.010094598939086348,-7.469218596389826e-05,0
2025-11-18 00:00:00-05:00,269.7376065335732,270.4569347049811,265.0719890725528,267.19000244140625,45677300,-7.469218596389826e-05,-0.02837411330202333,270.49290161132814,268.3809753417969,256.72727783203123,-0.004437620434436095,0.010095223947400369,0.004187757744410714,1
2025-11-19 00:00:00-05:00,265.2817633125939,271.9555110777923,265.2517925781922,268.3089294433594,40424500,0.004187757744410714,-0.017954495901119305,269.51181640625,268.89850463867185,257.5662854003906,-0.00219255661575623,0.00923949853569134,-0.00860139398019577,0
2025-11-20 00:00:00-05:00,270.5768036466949,275.17250947675234,265.67142054546326,266.0010986328125,45823600,-0.00860139398019577,-0.02454669014561306,268.1730651855469,269.24425201416017,258.2944595336914,-0.01204539505332542,0.009516157136827862,0.01968065895668869,1
2025-11-21 00:00:00-05:00,265.70137680880595,273.0744516711978,265.4216397990326,271.2361755371094,59030800,0.01968065895668869,-0.003377332056811899,267.9892333984375,269.69005889892577,259.04668884277345,0.005732938931809339,0.01007847400616629,0.016317525903571717,1
2025-11-24 00:00:00-05:00,270.64675212306133,276.7410558404627,270.64675212306133,275.6620788574219,65585800,0.016317525903571717,0.03163099867335717,269.6796569824219,270.05823211669923,259.8349365234375,0.020750512572048078,0.009450545984356216,0.0038054245067611348,1
2025-11-25 00:00:00-05:00,275.012667049666,280.1179060838009,274.9926967216935,276.7110900878906,46914200,0.0038054245067611348,0.03563414633589179,271.58387451171876,270.46937408447263,260.6152194213867,0.023077348496649337,0.009464026647410362,0.002094015298321983,1
2025-11-26 00:00:00-05:00,276.70108254872224,279.26868736786383,276.3714044558947,277.29052734375,33431400,0.002094015298321983,0.03347483782602412,273.38019409179685,270.8745544433594,261.39032287597655,0.023686141038885257,0.009461739903424362,0.0046838874009274,1
2025-11-28 00:00:00-05:00,277.0008150112318,278.73917862681736,275.73198274965245,278.5893249511719,20135600,0.0046838874009274,0.047323963634210875,275.89783935546876,271.2598373413086,262.21356018066405,0.027020172546373223,0.009425571402713852,0.01524118957389331,1
2025-12-01 00:00:00-05:00,277.75011957449965,283.1550658399818,275.88187257202503,282.8353576660156,46587700,0.01524118957389331,0.04276414127259098,278.21767578125,271.90882263183596,262.96960815429685,0.040184554985823955,0.009821369913173483,0.010914820528252767,1
2025-12-02 00:00:00-05:00,282.7354345985028,287.1313151163589,282.36578537497866,285.9224548339844,53669500,0.010914820528252767,0.03722084669422143,280.2697509765625,272.77803802490234,263.5762008666992,0.048187225424218556,0.009840321124933228,-0.007128107299873898,0
2025-12-03 00:00:00-05:00,285.9324708384744,288.35019153510143,283.0351573834178,283.8843688964844,43538700,-0.007128107299873898,0.02592335134206336,281.70440673828125,273.4959426879883,264.17496887207034,0.037983840295384104,0.010105047119479797,-0.012141483369261685,0
2025-12-04 00:00:00-05:00,283.83440686502166,284.46382276925783,278.32954829392816,280.4375915527344,43989100,-0.012141483369261685,0.011349339045697127,282.3338195800781,274.03651733398436,264.7471206665039,0.02335847164102092,0.010627199206282458,-0.006840070477014848,0
2025-12-05 00:00:00-05:00,280.27774306596746,280.8771882481053,277.79005013345267,278.5193786621094,47265800,-0.006840070477014848,-0.0002510731129944377,282.3198303222656,274.49964752197263,265.1898818969727,0.014643848093884993,0.010788240645311864,-0.0031924534677664207,0
2025-12-08 00:00:00-05:00,277.86998437615557,279.4085531850005,275.8918244790692,277.6302185058594,38211800,-0.0031924534677664207,-0.018403424533302903,281.2788024902344,274.98319549560546,265.6430059814453,0.009626126445593,0.010742169001831245,-0.0025550193698475887,0
2025-12-09 00:00:00-05:00,277.8999627322321,279.7682096639769,276.6611317163261,276.9208679199219,32193300,-0.0025550193698475887,-0.03148261621945403,279.4784851074219,275.3703323364258,266.10250396728514,0.005630728518719833,0.01076492504528191,0.005772445948890148,1
2025-12-10 00:00:00-05:00,277.490342786908,279.48847306800184,276.1815698919154,278.5193786621094,33038300,0.005772445948890148,-0.01889850524433523,278.4054870605469,275.5466674804687,266.58997955322263,0.010788412753536057,0.009740393957657866,-0.0026902907054526803,0
2025-12-11 00:00:00-05:00,278.83908758708685,279.3286197507982,273.5540244422053,277.77008056640625,33248000,-0.0026902907054526803,-0.009511959404438497,277.8719848632812,275.7744537353516,267.04610046386716,0.007236445595391438,0.00963049358574533,0.0008992558753764257,1
2025-12-12 00:00:00-05:00,277.64021728323,278.9589906850317,276.5612402656973,278.0198669433594,39532900,0.0008992558753764257,-0.0017934540897995843,277.77208251953124,276.04070434570315,267.47368103027344,0.007169821575218115,0.009608392775851517,-0.014985035929685031,0
2025-12-15 00:00:00-05:00,279.8880911943856,279.8880911943856,272.5849275039148,273.8537292480469,50409100,-0.014985035929685031,-0.013602587204435745,277.01678466796875,276.12562408447263,267.8001727294922,-0.008227758086409026,0.010240748586395051,0.0018241206270945831,1
2025-12-16 00:00:00-05:00,272.5649667835892,275.2424541197232,271.53593087885605,274.353271484375,37648600,0.0018241206270945831,-0.009271949979188121,276.5032653808594,276.48278961181643,268.1632049560547,-0.00770217245865931,0.009265956309201462,-0.010086976563313366,0
2025-12-17 00:00:00-05:00,274.75292651919426,275.90184538512057,271.38608172110213,271.58587646484375,50138700,-0.010086976563313366,-0.02489414643451837,275.11656494140624,276.7025833129883,268.47508056640623,-0.018491720557436357,0.009611605348167131,0.0012875132341483297,1
2025-12-18 00:00:00-05:00,273.35420232069225,273.374203136776,266.7004552212896,271.935546875,51630700,0.0012875132341483297,-0.021004903334113423,273.949658203125,276.8839141845703,268.76240966796877,-0.017871631597463362,0.009580584790725825,0.005437456457254575,1
2025-12-19 00:00:00-05:00,271.8955859651445,274.34330788170604,269.64768928264715,273.4141845703125,144632000,0.005437456457254575,-0.016566018909667246,273.0285217285156,277.2545684814453,269.15955932617186,-0.013851472068312554,0.009374142454415473,-0.0098660198257976,0
2025-12-22 00:00:00-05:00,272.6048920133635,273.62395794129594,270.25711338978425,270.7166748046875,36571800,-0.0098660198257976,-0.011455219003126849,272.40111083984374,277.22859344482424,269.6778247070313,-0.023489347037475714,0.008644158530159863,0.005129726100470355,1
2025-12-23 00:00:00-05:00,270.5868091030317,272.2452609569047,269.30800689497966,272.1053771972656,29642000,0.005129726100470355,-0.008193429861241497,271.9515319824219,277.0507583618164,270.17615509033203,-0.01785009069743215,0.00785443517992233,0.0053238158353827725,1
2025-12-24 00:00:00-05:00,272.085389177814,275.17249671786806,271.9455359163183,273.55401611328125,17910600,0.0053238158353827725,0.007246840940538624,272.34515991210935,276.8929046630859,270.70126251220705,-0.012058411369794084,0.007906624501191457,-0.0014973530252399003,0
2025-12-26 00:00:00-05:00,273.9037084592662,275.1125687682936,272.6049054553,273.1444091796875,21521800,-0.0014973530252399003,0.004445400090496987,272.58693237304686,276.6855987548828,271.1868374633789,-0.01279860459355692,0.007884312779032043,0.0013168132449112857,1
2025-12-29 00:00:00-05:00,272.4350823114352,274.10350406329195,272.0954038139857,273.50408935546875,23715200,0.0013168132449112857,0.0003288226808624284,272.60491333007815,276.4313369750977,271.717333984375,-0.010589420330056972,0.007798252269834159,-0.002483993295382736,0
2025-12-30 00:00:00-05:00,272.5549704076282,273.82377221524894,272.02546707967076,272.82470703125,22139600,-0.002483993295382736,0.007786857710495143,273.0265197753906,275.93080444335936,272.13762756347654,-0.011256798306283183,0.0068132814108527685,-0.004467601499789753,0
2025-12-31 00:00:00-05:00,272.80472532736104,273.42414083736213,271.49595243002375,271.6058349609375,27293600,-0.004467601499789753,-0.001835841104918634,272.926611328125,275.21497344970703,272.334921875,-0.013113888548760475,0.006139986716996624,-0.003126523879828924,0
2026-01-02 00:00:00-05:00,272.0054842546519,277.58025431004916,268.7485221479618,270.75665283203125,37838100,-0.003126523879828924,-0.010225999680047004,272.367138671875,274.5585876464844,272.5046533203125,-0.013847444536495196,0.0060473538130836006,-0.013837113287258118,0
2026-01-05 00:00:00-05:00,270.38700744645297,271.25618925068443,265.89121426121545,267.0101623535156,45647200,-0.013837113287258118,-0.02245788901407264,271.1402893066406,273.88721618652346,272.6856896972656,-0.025109072006940274,0.006201808020124894,-0.018334308830022295,0
2026-01-06 00:00:00-05:00,266.7503924619391,267.2998660934885,261.8749496989937,262.1147155761719,52352100,-0.018334308830022295,-0.04164242591815248,268.86241455078124,273.0669830322266,272.74626098632814,-0.04010835486017782,0.0070994276845831854,-0.00773747740562758,0
2026-01-07 00:00:00-05:00,262.95395138764474,263.4334831315393,259.56710600115036,260.08660888671875,48309800,-0.00773747740562758,-0.046689679549705154,266.314794921875,272.1898025512695,272.70159240722654,-0.04446600699624303,0.007177998551531824,-0.004955108337700187,0
2026-01-08 00:00:00-05:00,256.7797203952787,259.0476178563403,255.46096229095477,258.7978515625,50419300,-0.004955108337700187,-0.047156510464068435,263.7531982421875,271.2836517333984,272.5115771484375,-0.04602488978277513,0.007186110883215225,0.0012738954148727721,1
2026-01-09 00:00:00-05:00,258.8377955175017,259.9667440583015,255.98048371428257,259.1275329589844,39997000,0.0012738954148727721,-0.042950449237017296,261.4273742675781,270.3140594482422,272.32436279296877,-0.041383443066525805,0.006952010916980627,0.0033928502238405045,1
2026-01-12 00:00:00-05:00,258.9177364764393,261.05572011368304,256.5599267903311,260.0067138671875,45263800,0.0033928502238405045,-0.026229145829497313,260.0266845703125,269.42589111328124,272.1407586669922,-0.034960178500934816,0.0071238753674918946,0.0030738623692765366,1
2026-01-13 00:00:00-05:00,258.4781303943212,261.56523797230057,258.148452318208,260.8059387207031,45730800,0.0030738623692765366,-0.004993145282178646,259.7649291992187,268.56519470214846,271.9392041015625,-0.028891517346656622,0.007207042881431309,-0.0041753602144793955,0
2026-01-14 00:00:00-05:00,259.247418118488,261.57525710051715,256.4700180914029,259.71697998046875,40019400,-0.0041753602144793955,-0.0014211762298419472,259.6910034179688,267.85835723876954,271.7364306640625,-0.03039433729911048,0.00665848042829584,-0.00673187624656213,0
2026-01-15 00:00:00-05:00,260.40631875644857,260.7959687899761,256.8096782083212,257.9685974121094,39388600,-0.00673187624656213,-0.003204254383813332,259.5251525878906,267.03912353515625,271.52503967285156,-0.033967030759268955,0.006632363696506285,-0.010379073276537754,0
2026-01-16 00:00:00-05:00,257.6589020182799,258.6579671912775,254.69167723491495,255.29112243652344,72142800,-0.010379073276537754,-0.01480510572787408,258.75787048339845,266.22438583374026,271.2403366088867,-0.041067850952033934,0.006648968510380377,-0.03455563492367564,0
2026-01-20 00:00:00-05:00,252.49373739571587,254.55180921698133,243.19244305608962,246.46937561035156,80267500,-0.03455563492367564,-0.05206534114250172,256.05040283203124,264.9510772705078,270.7772021484375,-0.06975514819774425,0.009592337231486546,0.003850831106810837,1
2026-01-21 00:00:00-05:00,248.46750904444812,251.3248360900433,244.9507953165175,247.41848754882812,54641700,0.003850831106810837,-0.05133108255717911,253.37291259765624,263.6512924194336,270.3404364013672,-0.06156922168536648,0.009508890556132915,0.0028266120532465244,1
2026-01-22 00:00:00-05:00,248.96703988447874,250.76536025794266,247.9180183962477,248.1178436279297,39708300,0.0028266120532465244,-0.0446606777631996,251.05308532714844,262.5213508605957,269.94360809326173,-0.05486604112560192,0.009586015649402771,-0.001248289505752287,0
2026-01-23 00:00:00-05:00,247.08880782235642,249.17685039145397,244.45126111041233,247.80812072753906,41689000,-0.001248289505752287,-0.03938648652005794,249.02098999023437,261.3064880371094,269.5162078857422,-0.05165722217985397,0.00935904332181812,0.029712962519965025,1
2026-01-26 00:00:00-05:00,251.24490015634893,256.32015295784896,249.5664780183616,255.17123413085938,55969200,0.029712962519965025,-0.0004696140802697979,248.99701232910155,260.3873489379883,269.1197790527344,-0.020032136078819807,0.011952860721046637,0.011197578028024013,1
2026-01-27 00:00:00-05:00,258.92771692213245,261.70511669708895,257.96859246831417,258.0285339355469,49648300,0.011197578028024013,0.04689896380258385,251.30884399414063,259.6315551757813,268.8160626220703,-0.006174215761828666,0.012388580944799138,-0.007085445328186779,0
2026-01-28 00:00:00-05:00,257.409147241713,258.61800761819165,254.27208306792676,256.2002868652344,41288000,-0.007085445328186779,0.03549370705240107,253.06520385742186,258.76636505126953,268.4861712646484,-0.009916583190890121,0.012385186200583662,0.007175077196164281,1
2026-01-29 00:00:00-05:00,257.75880668092503,259.4072580677027,254.17216647920577,258.0385437011719,67253000,0.007175077196164281,0.0399838235258847,255.04934387207032,258.0270568847656,268.20383544921873,4.451787554741346e-05,0.012600595196776436,0.0046461394466286166,1
2026-01-30 00:00:00-05:00,254.93144331105526,261.6551472598355,251.94423313215475,259.2374267578125,92443400,0.0046461394466286166,0.046121596002254295,257.335205078125,257.40863647460935,268.044384765625,0.007104618975686694,0.012697973175734687,0.04058122413384724,1
2026-02-02 00:00:00-05:00,259.7869174093499,270.2371306501278,258.9676766447768,269.7575988769531,73913400,0.04058122413384724,0.057163045026515036,260.2524780273437,257.35868377685546,268.0957366943359,0.048177566492561906,0.015897419073569393,-0.0019629122599374993,0
2026-02-03 00:00:00-05:00,268.9483513556569,271.6258386480508,267.3598109321867,269.22808837890625,64394700,-0.0019629122599374993,0.04340432537649863,262.4923889160156,257.469580078125,268.1141198730469,0.045669505101198146,0.015574476660666086,0.026012954335186356,1
2026-02-04 00:00:00-05:00,272.03545112075,278.68922850453845,272.03545112075,276.23150634765625,90545700,0.026012954335186356,0.0781857808494908,266.4986328125,258.17541961669923,268.31872802734375,0.0699372804652125,0.01590110847121555,-0.0020976508564164442,0
2026-02-05 00:00:00-05:00,277.86999494352693,279.2387093202658,272.97458180817284,275.6520690917969,52977400,-0.0020976508564164442,0.06825928071824339,270.021337890625,258.9536926269531,268.4070458984375,0.06448402529211787,0.01575475047823369,0.008009793893585249,1
2026-02-06 00:00:00-05:00,276.8609202349588,280.6473855638201,276.67109542368036,277.8599853515625,50453400,0.008009793893585249,0.07183591824165014,273.745849609375,259.90679931640625,268.4510040283203,0.06907547660305853,0.015675533155847535,-0.01166051394653178,0
2026-02-09 00:00:00-05:00,277.9100036621094,278.20001220703125,271.70001220703125,274.6199951171875,44623400,-0.01166051394653178,0.018025057534903022,274.71832885742185,260.6814224243164,268.40918212890625,0.053469758463198076,0.016042369684337147,-0.003422920610733904,0
2026-02-10 00:00:00-05:00,274.8900146484375,275.3699951171875,272.94000244140625,273.67999267578125,34376900,-0.003422920610733904,0.016535809185739492,275.60870971679685,261.3650863647461,268.3369714355469,0.04711764100676082,0.016106502716133463,0.0066501292492171515,1
2026-02-11 00:00:00-05:00,274.70001220703125,280.17999267578125,274.45001220703125,275.5,51931300,0.0066501292492171515,-0.0026481640611103474,275.4624084472656,262.09978942871095,268.27518493652343,0.05112636908445057,0.01613084105214986,-0.049981811301894274,0
2026-02-12 00:00:00-05:00,275.5899963378906,275.7200012207031,260.17999267578125,261.7300109863281,81077200,-0.049981811301894274,-0.050505908231845975,272.67799682617186,262.20044097900393,267.8530780029297,-0.0017941617142950355,0.019976807213432826,-0.022733396848946263,0
2026-02-13 00:00:00-05:00,262.010009765625,262.2300109863281,255.4499969482422,255.77999877929688,56290700,-0.022733396848946263,-0.07946443437808759,268.2619995117187,262.0910110473633,267.25022888183594,-0.02407946858935167,0.020595773296709384,0.031667863563111576,1
2026-02-17 00:00:00-05:00,258.04998779296875,266.2900085449219,255.5399932861328,263.8800048828125,58469100,0.031667863563111576,-0.039108551545170456,266.11400146484374,262.52045516967775,266.8501416015625,0.005178833444639663,0.021624832293828698,0.0017811172199722058,1
2026-02-18 00:00:00-05:00,263.6000061035156,266.82000732421875,262.45001220703125,264.3500061035156,34203300,0.0017811172199722058,-0.03409086093961766,264.2480041503906,263.41448669433595,266.5283898925781,0.0035515108562166717,0.01985676821265829,-0.014261469431454121,0
2026-02-19 00:00:00-05:00,262.6000061035156,264.4800109863281,260.04998779296875,260.5799865722656,30845300,-0.014261469431454121,-0.05415612859431718,261.2640014648438,264.0725616455078,266.16960205078124,-0.013225815857122685,0.02025830097010645,0.015350373037534393,1
2026-02-20 00:00:00-05:00,258.9700012207031,264.75,258.1600036621094,264.5799865722656,42070500,0.015350373037534393,0.010888990434063661,261.83399658203126,264.8956687927246,265.9085974121094,-0.0011917228465747793,0.020452109642805118,0.006047343656806037,1
2026-02-23 00:00:00-05:00,263.489990234375,269.42999267578125,263.3800048828125,266.17999267578125,37308200,0.006047343656806037,0.04065991846945849,263.91399536132815,265.8142623901367,265.69377990722654,0.0013758866147962647,0.020429578874163457,0.022390946489790453,1
2026-02-24 00:00:00-05:00,267.8599853515625,274.8900146484375,267.7099914550781,272.1400146484375,47014600,0.022390946489790453,0.031302143446955144,265.5659973144531,266.66270141601564,265.5661926269531,0.020540230048434135,0.02000154429701449,0.007679856784716499,1
2026-02-25 00:00:00-05:00,271.7799987792969,274.94000244140625,271.04998779296875,274.2300109863281,33714300,0.007679856784716499,0.03737471025040806,267.5419982910156,267.4727752685547,265.4953912353516,0.02526326543323468,0.019944893859480634,-0.004667610137537803,0
2026-02-26 00:00:00-05:00,274.95001220703125,276.1099853515625,270.79998779296875,272.95001220703125,32345100,-0.004667610137537803,0.047471126994379054,270.01600341796876,268.31026153564454,265.393994140625,0.017292483130654786,0.019886260036923543,-0.03213049693728531,0
2026-02-27 00:00:00-05:00,272.80999755859375,272.80999755859375,262.8900146484375,264.17999267578125,72366500,-0.03213049693728531,-0.0015118070783298743,269.9360046386719,268.617333984375,265.20051940917966,-0.016519191977580585,0.0213758291897501,0.002044093269336189,1
2026-03-02 00:00:00-05:00,262.4100036621094,266.5299987792969,260.20001220703125,264.7200012207031,41827900,0.002044093269336189,-0.005484978192393464,269.6440063476563,268.8914627075195,265.00785400390623,-0.015513551247827434,0.021362914261137237,-0.0036642536122324376,0
2026-03-03 00:00:00-05:00,263.4800109863281,265.55999755859375,260.1300048828125,263.75,38568900,-0.0036642536122324376,-0.03082977216443561,267.96600341796875,268.59108276367186,264.85113647460935,-0.018023989158014748,0.019265107943727558,-0.004663548763329417,0
2026-03-04 00:00:00-05:00,264.6499938964844,266.1499938964844,261.4200134277344,262.5199890136719,39803100,-0.004663548763329417,-0.04270146046575496,265.6239990234375,268.2556777954102,264.66282531738284,-0.021381425470191635,0.01928205733966879,-0.00849451684471103,0
2026-03-05 00:00:00-05:00,260.7900085449219,261.55999755859375,257.25,260.2900085449219,49658600,-0.00849451684471103,-0.04638213261007962,263.0919982910156,267.45860290527344,264.400341796875,-0.026802631444577178,0.018245974028606733,-0.010872553678353492,0
